"code","name","city","country","latitude","longitude","icao","type"
"KJB","Kurnool Airport","Orvakal","IN","15.716288","78.16923","VOKU","private_airport"
"HBUUK","Mokuti Lodge Airport","Mokuti Lodge","NA","-18.812799","17.059401","FYMO","small_airport"
"VXTES","Inagua Airport","Matthew Town","BS","20.975","-73.666901","MYIG","medium_airport"
"SPMXM","Ekati Airport","Ekati","CA","64.69889832","-110.61499786","CYOA","medium_airport"
"LUN","Kenneth Kaunda International Airport","Lusaka","ZM","-15.330833B","28.452722Z","FLKK","large_airport"
"KNR","Jam Airport","Jam","IR","27820499","523522","OIBJ","medium_airport"
"SKF","Lackland Air Force Base","San Antonio","US","29.38419914","-98.58110046","KSKF","private_airport"
"HQGHF","Langtang Airport","Langtang","NP","28.20000076","85.58300018","VNLT","small_airport"
"GBA","Cotswold Airport","Cirencester, Gloucestershire","GB","51668528","-2056599","EGBP","small_airport"
"EXZDE","Jaqué Airport","Jaqué","PA","7.51778","-78.157204","MPJE","small_airport"
"SAL","Monseñor Óscar Arnulfo Romero International Airport","San Salvador (San Luis Talpa)","SV","13.4409","-89.055702","MSLP","very_small_airport"
"MEVHE","Muynak Airport","Muynak","UZ","43.753636","59.029884","UTNM","small_airport"
"ORB","Örebro Airport","Örebro","SE","5922370148","1503800011","ESOE","medium_airport"
"WCJPF","Shiringayoc Airport","Shiringayoc","PE","-11.898","-69.0625","SPSY","small_airport"
"IS JT","Malta International Airport","Valletta","MT","35.857498","14.4775","LMML","large_airport"
"ASUYV","Francisco Bangoy International Airport","Davao","PH","7.12552","125.646004","RPMD","large_airport"
"BFTJA","Toronto Lester B. Pearson International Airport","Toronto","CA","43.6772","-79.6306","CYYZ","large_airport"
"TGT","Tanga Airport","Tanga","TZ","-509236","39071201","HTTG","medium_airport"
"TKW","Tekin Airport","Tekin","PG","-5.243667","142.165194","AYTN","smallest_airport"
"OCF","Ocala International Airport - Jim Taylor Field","Ocala","US","2917259979","-8222419739","KOCF","small_airport"
"TPH","Tonopah Airport","Tonopah","US","3806019974","-117086998","KTPH","medium_airport"
"PSB","Mid-State Regional Airport","Philipsburg","US","40.884399A","-78.087303X","KPSB","small_airport"
"VMU","Baimuru Airport","Baimuru","PG","-7.496955","144.821756","AYBA","very_small_airport"
"BTY","Beatty Airport","Beatty","US","36.86109924A","-116.78700256Y","KBTY","small_airport"
"FLEQY","Wewak International Airport","Wewak","PG","-3.58383012","143.66900635","AYWK","medium_airport"
"KIM","Kimberley Airport","Kimberley","ZA","-28.80279922B","24.76519966Z","FAKM","medium_airport"
"MKM","Mukah Airport","Mukah","MY","2.881944","112.043333","WBGK","smallest_airport"
"YQD","The Pas Airport","The Pas","CA","53.97140121B","-101.09100342X","CYQD","medium_airport"
"SYEQI","Washington County Airport","Washington","US","40.136501","-80.290199","KAFJ","small_airport"
"BHHPN","James M Cox Dayton International Airport","Dayton","US","39.902401","-84.219398","KDAY","medium_airport"
"AZA","Mesa Gateway Airport","Mesa","US","333078","-111654999","KIWA","medium_airport"
"FSC","Figari Sud-Corse Airport","Figari","FR","41.500599","9.09778","LFKF","private_airport"
"YCE","Centralia / James T. Field Memorial Aerodrome","Huron Park","CA","43285599","-81508301","CYCE","medium_airport"
"GPO","General Pico Airport","General Pico","AR","-35696201","-63758301","SAZG","medium_airport"
"IDFA ","Colac Airport","Colac Otway Shire","AU","-38.286701","143.679993","YOLA","small_airport"
"LTFUJ","St. John's International Airport","St. John's","CA","47.618599","-52.7519","CYYT","large_airport"
" XOSQ","RAAF Base Richmond","Richmond","AU","-33.604652","150.783051","YSRI","medium_airport"
"AVO","Avon Park Executive Airport","Avon Park","US","27.59119987C","-81.52780151Z","KAVO","small_airport"
"USR","Ust-Nera Airport","Ust-Nera","RU","64550003","143115005","UEMT","medium_airport"
"GRWRM","Gabbs Airport","Gabbs","US","38.923173","-117.9572","KGAB","small_airport"
"CYT","Yakataga Airport","Yakataga","US","60080974","-142494541","PACY","small_airport"
"PIBYU","Iejima Airport","Ie","JP","26.722537","127.786801","RORE","medium_airport"
"MVL","Morrisville-Stowe State Airport","Morrisville","US","44.534599","-72.613998","KMVL","smallest_airport"
"GVL","Lee Gilmer Memorial Airport","Gainesville","US","34.27259827A","-83.8302002Z","KGVL","small_airport"
"USM","Samui Airport","Na Thon (Ko Samui Island)","TH","954779","100061996","VTSM","medium_airport"
"HDO","Hindon Airport / Hindon Air Force Station","Ghaziabad","IN","28707701","77358902","VIDX","small_airport"
"VTZ","Visakhapatnam Airport","Visakhapatnam","IN","17.723506","83.227729","VOVZ","private_airport"
"IDN","Indagen Airport","Indagen","PG","-6.22663","147.244","AYID","private_airport"
"SMVUR","Ulaanbaatar Chinggis Khaan International Airport","Ulaanbaatar (Sergelen)","MN","47.646916","106.819833","ZMCK","large_airport"
"LCUMM","Lamen Bay Airport","Lamen Bay","VU","-16.58419991","168.15899658","NVSM","small_airport"
"HLYZF","Óbidos Municipal Airport","Óbidos","BR","-1.867981","-55.514596","SNTI","small_airport"
"KVECY","Turukhansk Airport","Turukhansk","RU","65.797203","87.935303","UOTT","small_airport"
"PIO","Captain Renán Elías Olivera International Airport","Pisco","PE","-13.7449","-76.220299","SPSO","very_small_airport"
"SZQEQ","Gabala International Airport","Gabala","AZ","40.808617","47.725389","UBBQ","medium_airport"
"AGL","Wanigela Airport","Wanigela","PG","-9.3375","149.155556","AYWG","private_airport"
"GAO","Mariana Grajales Airport","Guantánamo","CU","20.0853","-75.158302","MUGT","smallest_airport"
"ROT","Rotorua Regional Airport","Rotorua","NZ","-38.1092","176.317001","NZRO","private_airport"
" OCAG","Secunda Airport","Secunda","ZA","-26.52409935","29.17009926","FASC","medium_airport"
"SCK","Stockton Metropolitan Airport","Stockton","US","37.893279","-121.238079","KSCK","smallest_airport"
"FNE","Fane Airport","Fane Mission","PG","-8.54927778","147.08583333","AYFA","very_small_airport"
"KR OU","Rogers Municipal Airport-Carter Field","Rogers","US","36.37229919","-94.10690308","KROG","small_airport"
"ARA","Acadiana Regional Airport","New Iberia","US","30.0378","-91.883904","KARA","private_airport"
"CBB","Jorge Wilsterman International Airport","Cochabamba","BO","-1742110062","-6617710114","SLCB","medium_airport"
"PUP","Po Airport","Po","BF","11.179139","-1.148472","DFCP","smallest_airport"
"SWAEI","Zonalnoye Airport","Tymovskoye","RU","50.6692009","142.76100159","UHSO","small_airport"
"KUD","Kudat Airport","Kudat","MY","6.924111","116.837068","WBKT","very_small_airport"
"EHLAE","Napa County Airport","Napa","US","38.2132","-122.280998","KAPC","small_airport"
"MSO","Missoula International Airport","Missoula","US","46.91630173B","-114.0910034Z","KMSO","medium_airport"
"KQGRK","Southwest Washington Regional Airport","Kelso","US","46.11800003","-122.89800262","KKLS","medium_airport"
"BVH","Brigadeiro Camarão Airport","Vilhena","BR","-12.6944","-60.098301","SBVH","private_airport"
"MDGNJ","Cocos (Keeling) Islands Airport","West Island","CC","-12.19134","96.833696","YPCC","medium_airport"
"UKS","Sevastopol International Airport / Belbek Air Base","Sevastopol","UA","44.691822","33.57462","UKFB","very_small_airport"
"LYCDU","Mostar International Airport","Mostar","BA","43.28290176","17.84589958","LQMO","medium_airport"
"SSL","Santa Rosalia Airport","Santa Rosalia","CO","5.1309","-70.8682","SKSL","smallest_airport"
"ELXYT","Weihai Dashuibo Airport","Weihai","CN","37.187099","122.228996","ZSWH","medium_airport"
"WEG M","Tarinkot Airport","Tarinkot","AF","32.604198","65.865799","OATN","small_airport"
"ANE","Angers Marcé airport","Angers","FR","47.560299B","-0.312222X","LFJR","medium_airport"
"MWV","Mondulkiri Airport","Sen Monorom","KH","12.464562A","107.188039Z","VDMK","small_airport"
"YCZ","Fairmont Hot Springs Airport","Fairmont Hot Springs","CA","50.331052","-115.873739","CYCZ","private_airport"
"OPA","Kópasker Airport","Kópasker","IS","66.310799","-16.4667","BIKP","private_airport"
"UNA","Una-Comandatuba Airport","Una","BR","-15.354358","-38.998729","SBTC","private_airport"
"JMJLK","Satu Mare International Airport","Satu Mare","RO","47.7033","22.8857","LRSM","medium_airport"
"IPC","Mataveri Airport","Isla De Pascua","CL","-27.16480064C","-109.42199707X","SCIP","medium_airport"
"KOC","Koumac Airport","Koumac","NC","-20.546323","164.255648","NWWK","smallest_airport"
"RSU","Yeosu Airport","Yeosu","KR","34.84230042","127.61699677","RKJY","very_small_airport"
"EOS","Neosho Hugh Robinson Airport","Neosho","US","36.810799B","-94.391701Y","KEOS","small_airport"
"IBR","Ibaraki Airport / JASDF Hyakuri Air Base","Omitama","JP","36.181099","140.414993","RJAH","very_small_airport"
"KOF","Komatipoort Airport","Komatipoort","ZA","-25.44029999","31.93000031","FAKP","private_airport"
"IAM","Zarzaitine - In Aménas Airport","In Aménas","DZ","280515","964291","DAUZ","medium_airport"
"ASN","Talladega Municipal Airport","Talladega","US","33.56990051B","-86.05090332Y","KASN","small_airport"
"SDM","Brown Field Municipal Airport","San Diego","US","32572639","-116980019","KSDM","medium_airport"
"QAFOD","Richland Airport","Richland","US","46.305599","-119.304001","KRLD","small_airport"
"LQM","Caucaya Airport","Puerto Leguízamo","CO","-0.182278","-74.7708","SKLG","smallest_airport"
"GTC","Chato/Geita Airport","Chato District","TZ","-2.74233C","31.70683Y","HTGE","small_airport"
"ZEM","Eastmain River Airport","Eastmain River","CA","52.226398","-78.522499","CZEM","private_airport"
"AIE","Aiome Airport","Aiome","PG","-5.14569998","144.7307003","AYAO","very_small_airport"
"GCC","Northeast Wyoming Regional Airport","Gillette","US","44.3489A","-105.539001X","KGCC","medium_airport"
"MOJKX","Nal Airport","Bikaner","IN","28.070601","73.207199","VIBK","medium_airport"
"SOP","Moore County Airport","Carthage","US","35.237184","-79.389381","KSOP","smallest_airport"
"ZPJGG","Indira Gandhi International Airport","New Delhi","IN","28.55563","77.09519","VIDP","large_airport"
"IUE","Niue International Airport","Alofi","NU","-19.07903099B","-169.92559814X","NIUE","medium_airport"
"BAX","Barnaul Airport","Barnaul","RU","53.36380005","83.53849792","UNBB","smallest_airport"
" EWNL","Douglas-Charles Airport","Marigot","DM","15.547","-61.299999","TDPD","medium_airport"
"SKG","Thessaloniki Macedonia International Airport","Thessaloniki","GR","40.51928B","22.970009Z","LGTS","large_airport"
"FEP","Albertus Airport","Freeport","US","42.24620056","-89.58200073","KFEP","smallest_airport"
"LVNQP","Raiatea Airport","Uturoa","PF","-16.7229","-151.466003","NTTR","medium_airport"
"YJHDM","Kamarata Airport","Kamarata","VE","5.7171","-62.33727","SVKM","small_airport"
"JJMWL","Tobermorey Airport","Tobermorey","AU","-22.25580025","137.95300293","YTMY","small_airport"
"DBQDD","Toussaint Louverture International Airport","Port-au-Prince","HT","18.580023","-72.292596","MTPP","large_airport"
"FCB","Ficksburg Sentraoes Airport","Ficksburg","ZA","-2882309914","2790889931","FAFB","medium_airport"
"DMN","Deming Municipal Airport","Deming","US","32.26229858","-107.72100067","KDMN","private_airport"
"SKKFI","Chinchilla Airport","Chinchilla","AU","-26.771947","150.617571","YCCA","medium_airport"
"UES","Waukesha County Airport","Waukesha","US","43.04100037","-88.23709869","KUES","private_airport"
"SCD","Sulaco Airport","Sulaco","HN","14.90719986","-87.26339722","MHUL","very_small_airport"
"DMNJB","Cape Gloucester Airport","Cape Gloucester","PG","-5.455231","148.422289","AYCG","small_airport"
"BVO","Bartlesville Municipal Airport","Bartlesville","US","36762501","-960112","KBVO","small_airport"
"JXFHU","Norfolk Island International Airport","Burnt Pine","NF","-29.041887","167.939616","YSNF","medium_airport"
"ZSPGL","Talakan Airport","Talakan Oil Field","RU","59.876389","111.044444","UECT","small_airport"
"MZJ","Pinal Airpark","Marana","US","32.51060104","-111.32800293","KMZJ","private_airport"
"BYC","Yacuiba Airport","Yacuíba","BO","-21.96089935","-63.65169907","SLYA","private_airport"
"IIDKT","Caloundra Airport","Caloundra","AU","-26.80336","153.104975","YCDR","small_airport"
"SSEDP","Central Wisconsin Airport","Mosinee","US","44.777448","-89.670238","KCWA","medium_airport"
"PMW","Brigadeiro Lysias Rodrigues Airport","Palmas","BR","-10.2915","-48.356998","SBPJ","private_airport"
"HPY","Baytown Airport","Baytown","US","29.78610039","-94.95269775","KHPY","smallest_airport"
"NGF","Kaneohe Bay MCAS (Marion E. Carl Field) Airport","Kaneohe","US","21.4505C","-157.768005X","PHNG","medium_airport"
"YHP","Poplar Hill Airport","Poplar Hill","CA","52.1133","-94.2556","CYHP","private_airport"
"SKA","Fairchild Air Force Base","Spokane","US","47615101","-117655998","KSKA","medium_airport"
"ADI","Arandis Airport","Arandis","NA","-22461875","14979322","FYAR","medium_airport"
"EVM","Eveleth–Virginia Municipal Airport","Eveleth","US","47.42458","-92.499204","KEVM","private_airport"
"SLO","Salem–Leckrone Airport","Salem","US","38.642899A","-88.964203Y","KSLO","small_airport"
"TMG","Tomanggong Airport","Tomanggong","MY","5.40257","118.65763","WBKM","private_airport"
"BYI","Burley Municipal Airport","Burley","US","42.54259872A","-113.77200317X","KBYI","medium_airport"
"MKN","Malekolon Airport","Babase Island","PG","-402343056","15365727778","AYMV","small_airport"
"SEYVZ","Kruger Mpumalanga International Airport","Mpumalanga","ZA","-25.38319969","31.10560036","FAKN","medium_airport"
"FGZBQ","San Luis County Regional Airport","San Luis Obispo","US","35.23680115","-120.64199829","KSBP","medium_airport"
"AYQ","Ayers Rock Connellan Airport","Yulara","AU","-25185913","13097703","YAYE","medium_airport"
"DAAMJ","Tours Val de Loire Airport","Tours, Indre-et-Loire","FR","47.432201","0.727606","LFOT","medium_airport"
" TAA ","Pedernales Airport","Capure","VE","9.978672","-62.231318","SVPE","small_airport"
"QYZHH","Sydney Kingsford Smith International Airport","Sydney (Mascot)","AU","-33.946098","151.177002","YSSY","large_airport"
"AS GQ","Defiance Memorial Airport","Defiance","US","41.33750153","-84.42880249","KDFI","small_airport"
"EDK","Captain Jack Thomas El Dorado Airport","El Dorado","US","37.77410126A","-96.81759644X","KEQA","small_airport"
"TFHSM","Dnipro International Airport","Dnipro","UA","48.357201","35.100601","UKDD","medium_airport"
"CMG","Corumbá International Airport","Corumbá","BR","-19.01193","-57.672772","SBCR","very_small_airport"
"RFWYR","Graz Airport","Feldkirchen bei Graz","AT","46.9911","15.4396","LOWG","medium_airport"
"GNJ","Ganja International Airport","Ganja","AZ","40.738935","46.320067","UBBG","private_airport"
"MIW","Marshalltown Municipal Airport","Marshalltown","US","42.112701","-92.917801","KMIW","very_small_airport"
"OKA","Naha Airport / JASDF Naha Air Base","Naha","JP","26195801","127646004","ROAH","large_airport"
"UVE","Ouvéa Airport","Ouvéa","NC","-20640932","166573024","NWWV","medium_airport"
"IMWXC","Huntsville International Carl T Jones Field","Huntsville","US","34.637199","-86.775101","KHSV","medium_airport"
"KAV","Kavanayen Airport","Kavanayén","VE","5.593056B","-61.763333Z","SVKA","small_airport"
"LBY","La Baule-Escoublac Airport","La Baule-Escoublac","FR","47289398","-234639","LFRE","medium_airport"
"MUL","Spence Airport","Moultrie","US","31.141569","-83.703718","KMUL","smallest_airport"
"EPRII","Northern Peninsula Airport","Bamaga","AU","-10.946194","142.455081","YNPE","small_airport"
"AJNHE","Suavanao Airport","Suavanao","SB","-7.58556","158.731003","AGGV","small_airport"
"TRJ","Tarakbits Airport","Tarakbits","PG","-5.614C","141.0421Z","AYTT","small_airport"
"SLR","Sulphur Springs Municipal Airport","Sulphur Springs","US","33.15980148","-95.62110138","KSLR","private_airport"
"SBS","Steamboat Springs Bob Adams Field","Steamboat Springs","US","40.5163002","-106.8659973","KSBS","very_small_airport"
"OBX","Obo Airport","Obo","PG","-7.59062242","141.32426262","AYOB","smallest_airport"
"APL","Nampula Airport","Nampula","MZ","-15.10560036","39.28179932","FQNP","private_airport"
"RBD","Dallas Executive Airport","Dallas","US","32.68090057","-96.86820221","KRBD","smallest_airport"
"HCBCG","Tribhuvan International Airport","Kathmandu","NP","27.6966","85.3591","VNKT","large_airport"
"FIL","Fillmore Municipal Airport","Fillmore","US","38.95830154A","-112.362999X","KFOM","small_airport"
"OLD","Dewitt Field - Old Town Municipal Airport","Old Town","US","44952801","-68674301","KOLD","small_airport"
"SPBH ","Kerikeri Airport","Kerikeri","NZ","-35.259148","173.913317","NZKK","medium_airport"
"DIU","Diu Airport","Diu","IN","20.714185","70.921855","VADU","very_small_airport"
"TKB","Tekadu Airport","Tekadu","PG","-76808","1465503","AYTZ","small_airport"
"VMG A","Murtala Muhammed International Airport","Lagos","NG","6.57737","3.32116","DNMM","large_airport"
"MFK","Matsu Beigan Airport","Matsu (Beigan)","TW","26224199","120002998","RCMT","medium_airport"
"HUMPB","Ambohibary Airport","Moramanga","MG","-18.9175","48.21819444","FMFE","small_airport"
"ZPLUK","LNG Badak Airport","Bontang-Borneo Island","ID","0.121656","117.476558","WALC","small_airport"
"WNH","Wenshan Puzhehei Airport","Wenshan","CN","23.5583","104.3255","ZPWS","very_small_airport"
"YUSTC","Yoron Airport","Yoron","JP","27.043847","128.401648","RORY","medium_airport"
"OBE","Okeechobee County Airport","Okeechobee","US","2726280022","-8084980011","KOBE","small_airport"
"KLC","Kaolack Airport","Kaolack","SN","14.14690018","-16.05130005","GOOK","private_airport"
"WOW","Willow Airport","Willow","US","61.7542","-150.052002","PAUO","private_airport"
"HDG","Handan Airport","Handan","CN","36.525833","114.425556","ZBHD","private_airport"
"IEG","Zielona Góra-Babimost Airport","Nowe Kramsko","PL","52.1385","15.7986","EPZG","very_small_airport"
"NTL","Newcastle Airport","Williamtown","AU","-32.79499817","151.83399963","YWLM","smallest_airport"
"RFFBW","Perth/Scone Airport","Perth","GB","56.439201","-3.37222","EGPT","small_airport"
"BSG","Bata Airport","Bata","GQ","1.90547C","9.80568Y","FGBT","medium_airport"
"BJV","Milas Bodrum International Airport","Bodrum","TR","37250599","27664301","LTFE","large_airport"
"PQQ","Port Macquarie Airport","Port Macquarie","AU","-31.43580055","152.86300659","YPMQ","private_airport"
"FEMOV","Fukue Airport","Goto","JP","32.666302","128.832993","RJFE","medium_airport"
"MRM","Manari Airport","Manari","PG","-91908","1476219","AYMA","small_airport"
"CGHO ","French Lick Municipal Airport","French Lick","US","38.50619888","-86.63690186","KFRH","small_airport"
"EAJJC","Laguindingan International Airport","Laguindingan","PH","8.612203","124.456496","RPMY","medium_airport"
"CKG","Chongqing Jiangbei International Airport","Chongqing","CN","29.712254","106.651895","ZUCK","private_airport"
"KNE","Kanainj Airport","Kanainj","PG","-5.2903A","144.7072Y","AYKJ","small_airport"
"CCJSC","San Bernardino International Airport","San Bernardino","US","34.095402","-117.235001","KSBD","medium_airport"
"CGO","Zhengzhou Xinzheng International Airport","Zhengzhou","CN","34.526497","113.849165","ZHCC","smallest_airport"
"RQCJL","Hana Airport","Hana","US","20.795601","-156.014008","PHHN","medium_airport"
"KCM","Kahramanmaraş Airport","Kahramanmaraş","TR","3753882599","3695352173","LTCN","medium_airport"
"WZA","Wa Airport","Wa","GH","100827","-250769","DGLW","small_airport"
"ILY","Islay Airport","Isle of Islay, Argyll and Bute","GB","55682708","-6257525","EGPI","medium_airport"
"HBQ","Haibei Qilian Airport","Haibei (Qilian)","CN","38.008068B","100.645065Z","ZLHB","small_airport"
"ACC","Kotoka International Airport","Accra","GH","5.6051898","-0.166786","DGAA","private_airport"
"UUD","Baikal International Airport","Ulan Ude","RU","51.808614","107.439652","UIUU","very_small_airport"
"LGEJJ","Ban Huoeisay Airport","Huay Xai","LA","20.257299","100.436996","VLHS","small_airport"
"AMN","Gratiot Community Airport","Alma","US","43.32210159","-84.68800354","KAMN","very_small_airport"
"GQOWR","Bahawalpur Airport","Bahawalpur","PK","29.34810066","71.71800232","OPBW","medium_airport"
"MFC","Mafeteng Airport","Mafeteng","LS","-29.8011B","27.243601Y","FXMF","small_airport"
"ZQN","Queenstown International Airport","Queenstown","NZ","-45.021099A","168.738998X","NZQN","medium_airport"
"YXJ","Fort St John / North Peace Regional Airport","Fort Saint John","CA","56.238098B","-120.739998Z","CYXJ","medium_airport"
"HJB","Hejing Bayinbuluke Airport","Hejing","CN","42.976395","83.995543","ZWHJ","smallest_airport"
"KUE","Kukudu Airport","Kolombangara Island","SB","-80262","15694783","AGKU","small_airport"
"DHN","Dothan Regional Airport","Dothan","US","31.32130051B","-85.44960022Y","KDHN","medium_airport"
"WOKEL","Sacheon Airport / Sacheon Air Base","Sacheon","KR","35.088591","128.071747","RKPS","medium_airport"
"IDP","Independence Municipal Airport","Independence","US","37.15840149","-95.77839661","KIDP","very_small_airport"
"ULA","Capitan D Daniel Vazquez Airport","San Julian","AR","-49.306816","-67.802596","SAWJ","smallest_airport"
"BHF","Cupica Airport","Bahía Solano","CO","6.694817","-77.493643","SKCP","private_airport"
"XMG","Mahendranagar Airport","Mahendranagar","NP","28.9632","80.147903","VNMN","very_small_airport"
"YST","St. Theresa Point Airport","St. Theresa Point","CA","53.845261","-94.851966","CYST","smallest_airport"
"UNE","Qacha's Nek Airport","Qacha's Nek","LS","-30.1117A","28.6719X","FXQN","small_airport"
"ERI","Erie International Tom Ridge Field","Erie","US","42.083127","-80.173867","KERI","very_small_airport"
"KIJ","Niigata Airport","Niigata","JP","3795589828","1391210022","RJSN","medium_airport"
"PRD","Pardoo Airport","Pardoo","AU","-20.119428","119.571945","YPDO","very_small_airport"
"JAX","Jacksonville International Airport","Jacksonville","US","30.492469","-81.687813","KJAX","private_airport"
"THD","Tho Xuan Airport","Thanh Hóa","VN","19.901667","105.467778","VVTX","very_small_airport"
"VGYLG","Spirit of St Louis Airport","St Louis","US","38.662102","-90.652","KSUS","medium_airport"
"UGWFY","Yasuj Airport","Yasuj","IR","30.702238","51.542988","OISY","medium_airport"
"ERGMO","Rotterdam The Hague Airport","Rotterdam","NL","51.956902","4.43722","EHRD","medium_airport"
"IHC","Inhaca Airport","Inhaca","MZ","-259971447","3292935181","FQIA","small_airport"
"HME","Hassi Messaoud-Oued Irara Krim Belkacem Airport","Hassi Messaoud","DZ","31.673","6.14044","DAUH","smallest_airport"
"KTT","Kittilä Airport","Kittilä","FI","67.7009964","24.84679985","EFKT","very_small_airport"
"FSRAA","Des Moines International Airport","Des Moines","US","41.534","-93.663101","KDSM","medium_airport"
"KA UW","Miyazaki Airport","Miyazaki","JP","31.87719917","131.44900513","RJFM","medium_airport"
"NMQ A","Felker Army Air Field","Newport News (Fort Eustis)","US","37.1325","-76.608803","KFAF","medium_airport"
"MBS","MBS International Airport","Freeland","US","43531913","-84082275","KMBS","medium_airport"
"NJC","Nizhnevartovsk Airport","Nizhnevartovsk","RU","60.949299C","76.483597Z","USNN","medium_airport"
"NAS","Lynden Pindling International Airport","Nassau","BS","25.039","-77.466202","MYNN","very_small_airport"
"VHC","Saurimo Airport","Saurimo","AO","-9.68907C","20.4319Y","FNSA","medium_airport"
"ALJ","Alexander Bay Airport","Alexander Bay","ZA","-28.575001","16.5333","FAAB","smallest_airport"
"SMO","Santa Monica Municipal Airport","Santa Monica","US","34.0158","-118.450996","KSMO","smallest_airport"
"UMY","Sumy Airport","Sumy","UA","50858299","34762501","UKHS","small_airport"
"BJC","Rocky Mountain Metropolitan Airport","Denver","US","39908798","-105116997","KBJC","medium_airport"
"ADW","Joint Base Andrews","Camp Springs","US","38810799","-76866997","KADW","large_airport"
"IBO","Ibo Airport","Ibo","MZ","-12.350174","40.602297","FQIB","very_small_airport"
"ATA","Comandante FAP German Arias Graziani Airport","Anta","PE","-934743977","-775983963","SPHZ","medium_airport"
"HJJ","Huaihua Zhijiang Airport","Huaihua","CN","27.443087C","109.704666Y","ZGCJ","medium_airport"
"ABF","Abaiang Airport","Abaiang","KI","1.79861C","173.041X","NGAB","small_airport"
"GLZ","Gilze Rijen Air Base","Rijen","NL","51.567402","4.93183","EHGR","very_small_airport"
"THM","Thompson Falls Airport","Thompson Falls","US","47.57350159","-115.28099823","KTHM","very_small_airport"
"MYJJU","Morondava Airport","Morondava","MG","-20.2847","44.3176","FMMV","medium_airport"
"WXRZB","Laurinburg Maxton Airport","Maxton","US","34.791901","-79.365799","KMEB","small_airport"
"MSH","RAFO Masirah","Masirah","OM","206754","58890499","OOMA","medium_airport"
"JCM","Jacobina Airport","Jacobina","BR","-111632","-40553101","SNJB","small_airport"
"SRCZS","New Halfa Airport","New Halfa","SD","15.3556","35.727798","HSNW","small_airport"
"YRM","Rocky Mountain House Airport","Rocky Mountain House","CA","5242969894","-11490399933","CYRM","small_airport"
"EML","Emmen Air Base","Emmen","CH","47.092444","8.305184","LSME","smallest_airport"
"UBT","Ubatuba Gastão Madeira State Airport","Ubatuba","BR","-23.441122","-45.075814","SDUB","smallest_airport"
"CAB","Cabinda Airport","Cabinda","AO","-559699011","1218840027","FNCA","medium_airport"
"FBE","Paulo Abdala Airport","Francisco Beltrão","BR","-26.05938","-53.063827","SSFB","smallest_airport"
"IWA","Ivanovo South Airport","Ivanovo","RU","5693939972","4094079971","UUBI","medium_airport"
"TRS","Trieste–Friuli Venezia Giulia Airport","Ronchi dei Legionari (GO)","IT","45.827499","13.4722","LIPQ","smallest_airport"
"BNN","Brønnøysund Airport, Brønnøy","Brønnøy","NO","65461098","122175","ENBN","medium_airport"
"WRZ","Weerawila Airport","Weerawila","LK","6.25449","81.235199","VCCW","very_small_airport"
"HAD","Halmstad Airport","Halmstad","SE","56.69110107","12.82019997","ESMT","smallest_airport"
"HIB","Range Regional Airport","Hibbing","US","47.384831","-92.836905","KHIB","smallest_airport"
"TCN","Tehuacán National Airport","Tehuacán","MX","18.49722B","-97.42011Z","MMHC","small_airport"
"ZBZPP","Tofino / Long Beach Airport","Tofino","CA","49.079833","-125.775583","CYAZ","medium_airport"
"OMI","Omidiyeh Airport","Omidiyeh","IR","30.835199A","49.534901X","OIAJ","small_airport"
"KKN","Kirkenes Airport, Høybuktmoen","Kirkenes","NO","69.7258","29.8913","ENKR","private_airport"
"YKM","Yakima Air Terminal McAllister Field","Yakima","US","4656819916","-1205439987","KYKM","medium_airport"
"AFN","Jaffrey Airfield Silver Ranch Airport","Jaffrey","US","42.805099B","-72.002998Y","KAFN","small_airport"
"ONGJJ","Pathankot Airport","Pathankot","IN","32.233611","75.634444","VIPK","medium_airport"
"YVNEW","Laval-Entrammes Airport","Laval, Mayenne","FR","48.032208","-0.743999","LFOV","medium_airport"
"TUL","Tulsa International Airport","Tulsa","US","36.19839859","-95.88809967","KTUL","private_airport"
"FPVGX","Hilton Head Airport","Hilton Head Island","US","32.2244","-80.697502","KHXD","medium_airport"
"OZG","Zagora Airport","Zagora","MA","30.263858","-5.853341","GMAZ","private_airport"
"QQAD ","San Fernando de Apure Las Flecheras National Airport","San Fernando de Apure","VE","7.88332","-67.444","SVSR","medium_airport"
"RIA","Santa Maria Airport","Santa Maria","BR","-29.711399","-53.688202","SBSM","very_small_airport"
"DJGMX","Kramatorsk Airport","Kramatorsk","UA","48.706799","37.630922","UKCK","small_airport"
"MKKGM","Quetzalcóatl International Airport","Nuevo Laredo","MX","27.443899","-99.570503","MMNL","medium_airport"
"PHS","Phitsanulok Airport","Phitsanulok","TH","16.7829B","100.278999Z","VTPP","medium_airport"
"JCH","Qasigiannguit Heliport","Qasigiannguit","GL","68.822816","-51.173447","BGCH","private_airport"
"TPBEI","Crystal Airport","Minneapolis","US","45.062","-93.353897","KMIC","small_airport"
"ITOSM","Cangyuan Washan Airport","Lincang (Cangyuan)","CN","23.276331","99.373169","ZPCW","medium_airport"
"YZG","Salluit Airport","Salluit","CA","62179401","-75667198","CYZG","small_airport"
"MUA","Munda Airport","Munda","SB","-8.32797","157.263","AGGM","smallest_airport"
"LLB","Libo Airport","Qiannan (Libo)","CN","254525","107961667","ZULB","small_airport"
"ENW","Kenosha Regional Airport","Kenosha","US","42.59569931","-87.92780304","KENW","smallest_airport"
"MAW","Malden Regional Airport","Malden","US","36.6006012","-89.99220276","KMAW","very_small_airport"
"MRA","Misrata International Airport","Misrata","LY","32.325001B","15.061X","HLMS","small_airport"
"ZEMIB","Cherepovets Airport","Cherepovets","RU","59.27360153","38.01580048","ULWC","medium_airport"
"NNM","Naryan Mar Airport","Naryan Mar","RU","67.639999","53.121899","ULAM","private_airport"
"KLH","Kolhapur Airport","Kolhapur","IN","166647","74289398","VAKP","medium_airport"
"YPW","Powell River Airport","Powell River","CA","49.83420181","-124.5","CYPW","smallest_airport"
"IHJ H","Honiara International Airport","Honiara","SB","-9.428","160.054993","AGGH","large_airport"
"PVU","Provo-Utah Lake International Airport","Provo","US","40.2192","-111.723","KPVU","smallest_airport"
"GIR","Santiago Vila Airport","Girardot","CO","4.27624","-74.7967","SKGI","private_airport"
"XOLKM","Port Moller Airport","Cold Bay","US","56.006001","-160.561005","PAAL","small_airport"
"FAR","Hector International Airport","Fargo","US","4692070007","-9681580353","KFAR","medium_airport"
"LFKIP","Maastricht Aachen Airport","Maastricht","NL","50.911701","5.77014","EHBK","medium_airport"
"KLIGT","Grabtsevo Airport","Kaluga","RU","54.54999924","36.3666687","UUBC","medium_airport"
"LTXKN","Moro Airport","Moro","PG","-6.36332989","143.23800659","AYMR","small_airport"
"SLJ","Solomon Airport","Karijini National Park","AU","-2225677","117850454","YSOL","small_airport"
"FOK","Francis S Gabreski Airport","Westhampton Beach","US","40.84370041","-72.63179779","KFOK","very_small_airport"
"MCV","McArthur River Mine Airport","McArthur River Mine","AU","-16.44249916","136.08399963","YMHU","very_small_airport"
"ILQ","General Jorge Fernandez Maldon Airport","Ilo","PE","-17.695","-71.344002","SPLO","very_small_airport"
"KGL","Kigali International Airport","Kigali","RW","-1.96863","30.1395","HRYR","very_small_airport"
"RTO","Budiarto Airport","Tangerang-Java Island","ID","-6293171","10657","WIRR","small_airport"
"OIVLK","Marion County Rankin Fite Airport","Hamilton","US","34.11759949","-87.99819946","KHAB","small_airport"
"IQPXT","Lábrea Airport","Lábrea","BR","-7.27897","-64.769501","SWLB","small_airport"
"ZJG","Jenpeg Airport","Jenpeg","CA","5451890182","-980460968","CZJG","medium_airport"
"KUR","Razer Airport","Skazar","AF","36.029893A","70.714159Z","OARZ","small_airport"
"BDT V","Clearwater Air Park","Clearwater","US","27.97669983","-82.75869751","KCLW","small_airport"
"WWH  ","Satwag Airport","Satwag","PG","-6.13955556","147.27916667","AYSW","small_airport"
"YV AI","Tela Airport","Tela","HN","15.7759","-87.4758","MHTE","medium_airport"
"PDK","DeKalb Peachtree Airport","Atlanta","US","33.87633","-84.30213","KPDK","smallest_airport"
"BCD","Bacolod-Silay Airport","Bacolod City","PH","10.7764A","123.014999Z","RPVB","medium_airport"
"LLW","Kamuzu International Airport","Lumbadzi","MW","-13.7894","33.780998","FWKI","private_airport"
"MCE","Merced Regional Macready Field","Merced","US","37.284698","-120.514","KMCE","smallest_airport"
"MHO","Mount House Airport","Wunaamin Miliwundi Ranges","AU","-17.051917A","125.712491Y","YMHO","small_airport"
"VKZSY","Hohhot Baita International Airport","Hohhot","CN","40.849658","111.824598","ZBHH","large_airport"
"ITB","Itaituba Airport","Itaituba","BR","-4.242131","-56.000651","SBIH","private_airport"
"LNL","Longnan Chengzhou Airport","Longnan (Cheng)","CN","33.789918","105.790014","ZLLN","private_airport"
"CNG","Cognac-Châteaubernard (BA 709) Air Base","Cognac/Châteaubernard","FR","45.658298A","-0.3175Y","LFBG","medium_airport"
"TWT","Sanga Sanga Airport","Bongao","PH","5.048196","119.743338","RPMN","private_airport"
"PKN","Iskandar Airport","Pangkalanbun","ID","-2.7052","111.672997","WAGI","private_airport"
"CAP","Cap Haitien International Airport","Cap Haitien","HT","19726734","-72199576","MTCH","medium_airport"
"ONU","Ono-i-Lau Airport","Ono-i-Lau","FJ","-20.6589","-178.7411","NFOL","smallest_airport"
"ZTH","Zakynthos International Airport Dionysios Solomos","Zakynthos","GR","37.7509","20.8843","LGZA","smallest_airport"
"BUX","Bunia Airport","Bunia","CD","1.565743C","30.220685Z","FZKA","medium_airport"
"MGS","Mangaia Island Airport","Mangaia Island","CK","-21.895987","-157.906662","NCMG","private_airport"
"ENH","Enshi Xujiaping Airport","Enshi (Enshi)","CN","30320299","109485001","ZHES","medium_airport"
"BJD","Bakkafjörður Airport","Bakkafjörður","IS","66.02189636C","-14.82439995Z","BIBK","small_airport"
"KMK","Makabana Airport","Makabana","CG","-3.483","12.617","FCPA","private_airport"
"BSEXQ","Griffiss International Airport","Rome","US","43.23379898","-75.40699768","KRME","medium_airport"
"RAQDK","Muskrat Dam Airport","Muskrat Dam","CA","53.441399","-91.762802","CZMD","small_airport"
"SBZ","Sibiu International Airport","Sibiu","RO","45.785841","24.086666","LRSB","very_small_airport"
"YNG","Youngstown Warren Regional Airport","Youngstown/Warren","US","4126070023","-8067910004","KYNG","medium_airport"
"MUW","Ghriss Airport","Ghriss","DZ","35.207699","0.147142","DAOV","very_small_airport"
"FLA","Gustavo Artunduaga Paredes Airport","Florencia","CO","158919","-755644","SKFL","medium_airport"
"DLS","Columbia Gorge Regional Airport","Dallesport / The Dalles","US","45.620979","-121.170777","KDLS","very_small_airport"
"UGKSS","Pueblo Memorial Airport","Pueblo","US","38.289101","-104.497002","KPUB","medium_airport"
"MFR","Rogue Valley International Medford Airport","Medford","US","42.37419891","-122.8730011","KMFR","smallest_airport"
"MVV","Megève Altiport","Megève","FR","45.823005","6.649406","LFHM","private_airport"
"LEI","Almería Airport","Almería","ES","36.843899","-2.3701","LEAM","private_airport"
"AGDBR","Arlit Airport","Arlit","NE","18.79039955","7.36595011","DRZL","small_airport"
"YQL","Lethbridge County Airport","Lethbridge","CA","49.63029861","-112.80000305","CYQL","very_small_airport"
"YEG","Edmonton International Airport","Edmonton","CA","53.3097C","-113.580002X","CYEG","large_airport"
"SRP","Stord Airport, Sørstokken","Leirvik","NO","59791901","534085","ENSO","medium_airport"
"PHF","Newport News Williamsburg International Airport","Newport News","US","37.131901C","-76.492996X","KPHF","medium_airport"
"HPGMP","Dubuque Regional Airport","Dubuque","US","42.402","-90.709503","KDBQ","medium_airport"
"TQP","Trepell Airport","Trepell","AU","-2183499908","14088800049","YTEE","small_airport"
"SXT","Sungai Tiang Airport","Taman Negara","MY","4.33027792A","102.39499664X","WMAN","small_airport"
"PIE","St. Petersburg Clearwater International Airport","Pinellas Park","US","279102","-82687401","KPIE","medium_airport"
"IGB","Ingeniero Jacobacci - Captain H R Bordón Airport","Ingeniero Jacobacci","AR","-41.3209","-69.574898","SAVJ","private_airport"
"KMC","King Khaled Military City Airport","King Khaled Military City","SA","27.9009B","45.528198X","OEKK","medium_airport"
"NZC","Maria Reiche Neuman Airport","Nazca","PE","-14.854","-74.961502","SPZA","private_airport"
"GJSXC","Aktau Airport","Aktau","KZ","43.860093","51.09086","UATE","medium_airport"
"DWB","Soalala Airport","Soalala","MG","-16.10169","45.358837","FMNO","smallest_airport"
"UMD","Uummannaq Heliport","Uummannaq","GL","70.680428","-52.11163","BGUM","smallest_airport"
"YTORK","Luleå Airport","Luleå","SE","65.5438","22.122","ESPA","medium_airport"
"SBF","Sardeh Band Airport","Sardeh Band","AF","33.3207016","68.6364975","OADS","very_small_airport"
"XSRYA","Bucholz Army Air Field","Kwajalein","MH","8.72012043","167.73199463","PKWA","medium_airport"
"YGSEM","Palmarito Airport","Palmarito","VE","7.575479","-70.174435","SVPT","medium_airport"
"REC","Recife/Guararapes - Gilberto Freyre International Airport","Recife","BR","-8.125984","-34.923316","SBRF","private_airport"
"UXGVE","Koro Island Airport","Koro Island","FJ","-17.3458004","179.42199707","NFNO","small_airport"
"GMYMR","Pasighat Airport","Pasighat","IN","28.064786","95.336952","VEPG","small_airport"
"PCD","Prairie Du Chien Municipal Airport","Prairie Du Chien","US","43.01929855","-91.123703","KPDC","private_airport"
"BWE","Braunschweig-Wolfsburg Airport","Braunschweig","DE","52.319199A","10.5561Z","EDVE","medium_airport"
"PPNXQ","Kirawira B Aerodrome","Grumeti Game Reserve","TZ","-2.160833","34.225556","HTGR","small_airport"
"CYO","Vilo Acuña International Airport","Cayo Largo del Sur","CU","2161650085","-8154599762","MUCL","medium_airport"
"BNKVG","Chickasha Municipal Airport","Chickasha","US","35.09740067","-97.96769714","KCHK","small_airport"
"GTR","Golden Triangle Regional Airport","Columbus/W Point/Starkville","US","33.450298","-88.5914","KGTR","private_airport"
"BMUKD","Hawthorne Industrial Airport","Hawthorne","US","38.544399","-118.634002","KHTH","small_airport"
"ANO","Angoche Airport","Angoche","MZ","-16.18187","39.945217","FQAG","very_small_airport"
"LOB","San Rafael Airport","Los Andes","CL","-32.814201","-70.646698","SCAN","smallest_airport"
"FBR","Fort Bridger Airport","Fort Bridger","US","41.39189911","-110.40699768","KFBR","very_small_airport"
"NQN","Presidente Peron Airport","Neuquen","AR","-38.949001","-68.155701","SAZN","smallest_airport"
"GXNZA","Besalampy Airport","Besalampy","MG","-16.74453","44.482484","FMNQ","medium_airport"
"ODB","Córdoba Airport","Córdoba","ES","37.841999B","-4.84888Z","LEBA","medium_airport"
"CIA","Ciampino–G. B. Pastine International Airport","Rome","IT","417994","125949","LIRA","medium_airport"
"MDL","Mandalay International Airport","Mandalay","MM","21.70219994","95.97789764","VYMD","smallest_airport"
"MIE","Delaware County Johnson Field","Muncie","US","40.242298","-85.395897","KMIE","private_airport"
"YCK","Tommy Kochon Airport","Colville Lake","CA","6702","-126126","CYVL","small_airport"
"SB  G","Tokoroa Airfield","Tokoroa","NZ","-38.236698","175.891998","NZTO","small_airport"
"FXOYL","Burqin Kanas Airport","Burqin","CN","48.2223","86.9959","ZWKN","medium_airport"
"EBZPU","Russell Municipal Airport","Russell","US","38.87210083","-98.8117981","KRSL","medium_airport"
"HVHEO","Mulka Airport","Mulka","AU","-28.3477993","138.6499939","YMUK","small_airport"
"BQW","Balgo Hill Airport","Balgo","AU","-201483","127973","YBGO","small_airport"
"RHG","Ruhengeri Airport","Ruhengeri","RW","-1.496873","29.631343","HRYU","very_small_airport"
"SDR","Seve Ballesteros-Santander Airport","Santander","ES","43.427101","-3.82001","LEXJ","very_small_airport"
" URTT","RAAF Base Curtin","Derby","AU","-17.580458","123.828449","YCIN","medium_airport"
"ZCTBJ","Ciudad del Carmen International Airport","Ciudad del Carmen","MX","18.65369987","-91.7990036","MMCE","medium_airport"
"TDNHH","Estherville Municipal Airport","Estherville","US","43.407398","-94.746399","KEST","small_airport"
"EMWBB","Poptún Airport","Poptún","GT","16.32579994","-89.41609955","MGPP","small_airport"
"VVK","Västervik Airport","Västervik","SE","57.779999B","16.5236Y","ESSW","small_airport"
"ZRM","Mararena Sarmi Airport","Sarmi","ID","-1.873077","138.753275","WAJI","very_small_airport"
"AAD","Adado Airport","Adado","SO","6.095802","46.6375","HCAD","private_airport"
"WNQVO","Camilo Daza International Airport","Cúcuta","CO","7.92757","-72.5115","SKCC","medium_airport"
"FOR","Pinto Martins International Airport","Fortaleza","BR","-3.775833","-38.532222","SBFZ","very_small_airport"
"IYK","Inyokern Airport","Inyokern","US","3565879822","-1178300018","KIYK","small_airport"
"LNJ","Lincang Boshang Airport","Lincang","CN","23.7381","100.025002","ZPLC","very_small_airport"
"NGPXE","Brunswick Municipal Airport","Lawrenceville","US","36.774229","-77.793846","KLVL","small_airport"
"CIY","Comiso Airport","Comiso","IT","36.99583","14.60889","LICB","very_small_airport"
"VKZXK","Kiel-Holtenau Airport","Kiel","DE","54.37957","10.145266","EDHK","medium_airport"
"BDCQJ","İncirlik Air Base","Sarıçam","TR","37.002102","35.4259","LTAG","medium_airport"
"AZJ","Zhenjiang Dalu Airport","Zhenjiang","CN","32.23649C","119.718683Y","ZSDL","small_airport"
"WUI","Murrin Murrin Airport","Murrin Murrin","AU","-28.705299","121.89099","YMMI","smallest_airport"
"CRM","Catarman National Airport","Catarman","PH","12.50161C","124.635258Z","RPVF","medium_airport"
"GLN","Guelmim Airport","Guelmim","MA","29026699","-100503","GMAG","small_airport"
"LBU","Labuan Airport","Labuan","MY","5301667","115248333","WBKL","medium_airport"
"KRJ","Karawari Airstrip","Amboin","PG","-459666667","1435225","AYQA","small_airport"
"ILE","Skylark Field","Killeen","US","31.08580017","-97.68650055","KILE","smallest_airport"
"GBJAS","Giyani Airport","Giyani","ZA","-23.2833","30.65","FAGI","small_airport"
"PGD","Punta Gorda Airport","Punta Gorda","US","269202","-81990501","KPGD","medium_airport"
"ADK","Adak Airport","Adak","US","51883564","-176642783","PADK","medium_airport"
"KWS","Kwailabesi Airport","Kwailabesi","SB","-8360508","160775127","AGKW","small_airport"
"TMT","Trombetas Airport","Oriximiná","BR","-1.4896","-56.396801","SBTB","very_small_airport"
"ABJER","Cimitarra Airport","Cimitarra","CO","6.367484","-73.970658","SKCM","small_airport"
"ERF","Erfurt-Weimar Airport","Erfurt","DE","50.979801","10.9581","EDDE","very_small_airport"
"WUDXI","Tradewind Airport","Amarillo","US","35.16989899","-101.8259964","KTDW","small_airport"
"YQQ","Comox Valley Airport / CFB Comox","Comox","CA","497108","-124887001","CYQQ","medium_airport"
"LHS","Las Heras Airport","Las Heras","AR","-46.538517C","-68.965323Z","SAVH","medium_airport"
"DKR","Léopold Sédar Senghor International Airport","Dakar","SN","147397","-174902","GOOY","medium_airport"
"SRULY","Moyobamba Airport","Moyobamba","PE","-6.018889","-76.988327","SPBB","small_airport"
"MURSC","Yushu Batang Airport","Yushu (Batang)","CN","32.836389","97.036389","ZLYS","medium_airport"
"HTYGD","Drake Bay Airport","Puntarenas","CR","8.71889019","-83.64170074","MRDK","small_airport"
"MELTI","Kirensk Airport","Kirensk","RU","57.773","108.064","UIKK","small_airport"
"KBK","Kushinagar International Airport","Kushinagar","IN","26.776534","83.889214","VEKI","very_small_airport"
"MYQVQ","Haji Muhammad Sidik Airport","Muara Teweh","ID","-1.02581","114.92881","WAGB","small_airport"
"MDVPV","Comodoro D.R. Salomón Airport","Malargue","AR","-35.493599","-69.574303","SAMM","medium_airport"
"GRG","Gardez Airport","Gardez","AF","33.627366B","69.237023Y","OAGZ","small_airport"
"DCU","Pryor Field Regional Airport","Decatur","US","3465269852","-8694539642","KDCU","small_airport"
"URC","Ürümqi Tianshan International Airport","Ürümqi","CN","43.907101","87.474197","ZWWW","private_airport"
"WGP","Umbu Mehang Kunda Airport","Waingapu-Sumba Island","ID","-9.66922B","120.302002Z","WATU","small_airport"
"ZKLEH","Mapua(Mabua) Airport","Tatau Island","PG","-2.81138889","151.99111111","AYMZ","small_airport"
"PYJS ","Jose Maria Córdova International Airport","Medellín","CO","6.16454","-75.4231","SKRG","medium_airport"
"PDV","Plovdiv International Airport","Plovdiv","BG","42.067799","24.8508","LBPD","smallest_airport"
"JOK","Yoshkar-Ola Airport","Yoshkar-Ola","RU","56.7006","47.904701","UWKJ","very_small_airport"
"ISS","Wiscasset Airport","Wiscasset","US","4396139908","-6971260071","KIWI","small_airport"
"ZBSML","Ottawa / Rockcliffe Airport","Ottawa","CA","45.46030045","-75.64610291","CYRO","medium_airport"
"YLWVE","Aerodromo Goncalves Lobato (Viseu Airport)","Viseu","PT","40.725498","-7.88899","LPVZ","medium_airport"
"BRL","Southeast Iowa Regional Airport","Burlington","US","40.78319931C","-91.12550354X","KBRL","medium_airport"
"JHWVM","Sidney - Richland Regional Airport","Sidney","US","47.705141","-104.194422","KSDY","medium_airport"
"SOM","San Tomé Airport","El Tigre","VE","8.94514656","-64.1510849","SVST","smallest_airport"
"YGB","Texada Gillies Bay Airport","Texada","CA","49694341","-124518099","CYGB","small_airport"
"ZQW","Zweibrücken Airport","Zweibrücken","DE","49.2094","7.40056","EDRZ","private_airport"
"SKX","Saransk Airport","Saransk","RU","54.1251297","45.21225739","UWPS","very_small_airport"
"HGA","Egal International Airport","Hargeisa","SO","9.513207","44.082389","HCMH","very_small_airport"
"PKO","Parakou Airport","Parakou","BJ","9.35768986C","2.60967994Y","DBBP","small_airport"
"NPT","Newport State Airport","Newport","US","41.532398","-71.281502","KUUU","very_small_airport"
"TST","Trang Airport","Trang","TH","7.50874B","99.6166Y","VTST","medium_airport"
"HHWWB","Iberia Airport","Iberia","PE","-11.4116","-69.488701","SPBR","medium_airport"
"GN XP","Fort Worth Meacham International Airport","Fort Worth","US","32.819801","-97.362396","KFTW","medium_airport"
"NCU","Nukus Airport","Nukus","UZ","42.4884C","59.623299X","UTNN","medium_airport"
"EEA","Planalto Serrano Regional Airport","Correia Pinto","BR","-27.634128","-50.358253","SNCP","private_airport"
"BFBKH","Dalbandin Airport","Dalbandin","PK","28.87829971","64.39980316","OPDB","small_airport"
"ADH","Aldan Airport","Aldan","RU","5860279846","12540899658","UEEA","small_airport"
"WUG","Wau Airport","Wau","PG","-7345556","146718611","AYWU","small_airport"
"OAZ","Camp Shorabak Airfield","Lashkar Gah","AF","31.848735C","64.223175Z","OAZI","small_airport"
"CER","Cherbourg Manche airport","Cherbourg","FR","49.650101B","-1.47028Z","LFRC","medium_airport"
"WLK","Selawik Airport","Selawik","US","66.600098C","-159.985992Y","PASK","small_airport"
"KXD","Kondinskoye Airport","Kondinskoye","RU","59655083","67430046","USHK","small_airport"
"MLU","Monroe Regional Airport","Monroe","US","32.510899A","-92.037697Y","KMLU","medium_airport"
"TRY","Tororo Airport","Tororo","UG","0683","34167","HUTO","small_airport"
"HIA","Huai'an Lianshui International Airport","Huai'an","CN","33.790833","119.125","ZSSH","private_airport"
"GUC","Gunnison Crested Butte Regional Airport","Gunnison","US","38.534672","-106.934566","KGUC","smallest_airport"
"PSH","Sankt Peter-Ording Airport","Sankt Peter-Ording","DE","54.308887","8.686944","EDXO","very_small_airport"
"DIB","Dibrugarh Airport","Dibrugarh","IN","27.48390007","95.01689911","VEMN","very_small_airport"
"DTB","Silangit Airport","Siborong-Borong","ID","2.25973C","98.991898X","WIMN","small_airport"
"NLO","Ndolo Airport","N'dolo","CD","-4.32666016B","15.32750034Y","FZAB","medium_airport"
"MOCAS","Falcone–Borsellino Airport","Palermo","IT","38.175999","13.091","LICJ","large_airport"
"CHJ","Chipinge Airport","Chipinge","ZW","-20.206699","32.6283","FVCH","very_small_airport"
"COE","Coeur D'Alene Airport - Pappy Boyington Field","Coeur d'Alene","US","47.7743A","-116.82Y","KCOE","medium_airport"
"ABAFN","Naval Outlying Field Barin","Foley","US","30.38909912","-87.63529968","KNBJ","small_airport"
"GOQ","Golmud Airport","Golmud","CN","36.4006A","94.786102X","ZLGM","medium_airport"
"KOK","Kokkola-Pietarsaari Airport","Kokkola / Kruunupyy","FI","63.721199A","23.143101X","EFKK","medium_airport"
"DTE","Daet Airport","Daet","PH","14.1292A","122.980003Y","RPUD","medium_airport"
"AXP","Spring Point Airport","Spring Point","BS","22.441799C","-73.970901Z","MYAP","medium_airport"
"TGU","Toncontín International Airport","Tegucigalpa","HN","14.0609","-87.217201","MHTG","very_small_airport"
"GQRAN","Baardheere Airport","Baardheere","SO","2.330195","42.311802","HCMD","small_airport"
"MKVKC","Chippewa County International Airport","Kincheloe","US","46.247707","-84.471379","KCIU","medium_airport"
"POSBM","Salinas Municipal Airport","Salinas","US","36.66279984","-121.60600281","KSNS","medium_airport"
"ILF","Ilford Airport","Ilford","CA","56.051622","-95.61882","CZBD","smallest_airport"
"XKTOA","Bouna Airport","Bouna","CI","9.255556","-3.033333","DIBN","small_airport"
"KDQ","Kamberatoro Airport","Kamberatoro Mission","PG","-3.600556A","141.051667Z","AYTO","small_airport"
"EZOKJ","Mariscal Lamar Airport","Cuenca","EC","-2.88947","-78.984398","SECU","medium_airport"
"HOBQO","Luiza Airport","Luiza","CD","-7.189971","22.39254","FZUG","small_airport"
"JNU","Juneau International Airport","Juneau","US","58355","-134576004","PAJN","medium_airport"
" PGPS","Frankfurt-Hahn Airport","Frankfurt am Main (Lautzenhausen)","DE","49.9487","7.26389","EDFH","medium_airport"
"MDD","Midland Airpark","Midland","US","32.03649902","-102.10099792","KMDD","smallest_airport"
"REA","Reao Airport","Reao","PF","-18.46652","-136.43855","NTGE","very_small_airport"
"JKHRV","Paulatuk (Nora Aliqatchialuk Ruben) Airport","Paulatuk","CA","69.360838","-124.07547","CYPC","small_airport"
"CJS","Abraham González International Airport","Ciudad Juárez","MX","31.63610077","-106.42900085","MMCS","smallest_airport"
"EY AT","Donoi Airport","Uliastai","MN","47.7093","96.5258","ZMDN","small_airport"
"CTC","Coronel Felipe Varela International Airport","Catamarca","AR","-28.593117","-65.7512","SANC","very_small_airport"
"MRF","Marfa Municipal Airport","Marfa","US","30.369593","-104.015893","KMRF","private_airport"
"PRJLM","Vanimo Airport","Vanimo","PG","-2.6926","141.3028","AYVN","medium_airport"
"WAH","Harry Stern Airport","Wahpeton","US","46.24409866","-96.60739899","KBWP","very_small_airport"
"PFBIL","Onotoa Airport","Onotoa","KI","-1.79611","175.526001","NGON","small_airport"
"AAA","Anaa Airport","Anaa","PF","-17.3526C","-145.509995Y","NTGA","medium_airport"
"CPX","Benjamin Rivera Noriega Airport","Culebra","PR","18.312954","-65.303893","TJCP","very_small_airport"
"BOA","Boma Airport","Boma","CD","-5.854","13.064","FZAJ","smallest_airport"
"HAL","Halali Airport","Halali","NA","-19.0285","16.4585","FYHI","smallest_airport"
"UHEFF","Indonesia Morowali Industrial Park (IMIP) Airport","Morowali","ID","-2.799322","122.141385","WAMP","small_airport"
"MSVWO","Adnan Menderes International Airport","Gaziemir","TR","38.2924","27.157","LTBJ","large_airport"
"L ORO","Ithaca Tompkins Regional Airport","Ithaca","US","42.49100113","-76.45839691","KITH","medium_airport"
" FPAM","RAF Lakenheath","Brandon, Suffolk","GB","52.40954","0.561161","EGUL","medium_airport"
"YOEKW","Kitale Airport","Kitale","KE","0.971989","34.958599","HKKT","medium_airport"
"CMC","Camocim - Pinto Martins Airport","Camocim","BR","-2895596","-40859299","SNWC","small_airport"
"OYA","Goya Airport","Goya","AR","-291058","-592189","SATG","medium_airport"
"MVYMC","Adana Şakirpaşa Airport","Seyhan","TR","36.982201","35.280399","LTAF","medium_airport"
" WGMX","Ruse Airport","Shtraklevo","BG","43.694801","26.0567","LBRS","small_airport"
"TMF","Thimarafushi Airport","Thimarafushi","MV","2.211","73.1533","VRNT","private_airport"
"YCR","Cross Lake (Charlie Sinclair Memorial) Airport","Cross Lake","CA","54609758","-97762442","CYCR","small_airport"
"AX CC","Îles-de-la-Madeleine Airport","Les Îles-de-la-Madeleine","CA","47.425242","-61.778612","CYGR","medium_airport"
"IGU","Cataratas International Airport","Foz do Iguaçu","BR","-25.594167","-54.489444","SBFI","private_airport"
"LEQ","Land's End Airport","Land's End, Cornwall","GB","50.102798A","-5.67056Y","EGHC","small_airport"
"ALR","Alexandra Aerodrome","Alexandra","NZ","-45210495","169371113","NZLX","medium_airport"
"GKL","Great Keppel Is Airport","Great Keppel Island","AU","-23.184575A","150.94164Y","YGKL","small_airport"
"JKRWE","Verona Villafranca Valerio Catullo Airport","Caselle (VR)","IT","45.394955","10.887303","LIPX","large_airport"
"KSY","Kars Airport","Kars","TR","40.56219864","43.11500168","LTCF","very_small_airport"
"HER","Heraklion International Nikos Kazantzakis Airport","Heraklion","GR","35.339699","25.1803","LGIR","smallest_airport"
"LJRLL","Riverside Municipal Airport","Riverside","US","33.9519","-117.445","KRAL","medium_airport"
"IVC","Invercargill Airport","Invercargill","NZ","-46.41239929B","168.31300354Z","NZNV","medium_airport"
"SHTHN","Rabil Airport","Rabil","CV","16.1364994","-22.88890076","GVBA","medium_airport"
"JFMJH","Kodiak Airport","Kodiak","US","57.75","-152.4940033","PADQ","medium_airport"
"KDFYF","Pyay Airport","Pye","MM","18.82449913","95.26599884","VYPY","small_airport"
"EDL","Eldoret International Airport","Eldoret","KE","040445799","3523889923","HKEL","medium_airport"
"ICKIJ","Alegrete Novo Airport","Alegrete","BR","-29.811595","-55.894707","SSLT","small_airport"
"UEO","Kumejima Airport","Kumejima","JP","26.363445","126.71384","ROKJ","private_airport"
"TVI","Thomasville Regional Airport","Thomasville","US","3090159988","-8388130188","KTVI","small_airport"
"BGU","Bangassou Airport","Bangassou","CF","4.78499985","22.78100014","FEFG","private_airport"
"WYVUG","Woodie Woodie Airport","Woodie Woodie","AU","-21.64551","121.191184","YWWI","small_airport"
"ISA","Mount Isa Airport","Mount Isa","AU","-20.66638","139.488468","YBMA","very_small_airport"
"DGN","Dahlgren Naval Surface Warfare Center Airport","Dahlgren","US","38.3325C","-77.037201Y","KNDY","small_airport"
"BHJ","Bhuj Airport","Bhuj","IN","23.28779984","69.67019653","VABJ","private_airport"
"PTF","Malolo Lailai Island Airport","Malolo Lailai Island","FJ","-17.778448","177.196996","NFFO","very_small_airport"
"VIJ","Virgin Gorda Airport","Spanish Town","VG","18.446634","-64.427932","TUPW","very_small_airport"
"ZNQFF","Aarhus Airport","Aarhus","DK","56.303331","10.618286","EKAH","medium_airport"
"AIH","Aiambak Airport","Aiambak","PG","-7.34277778","141.2675","AYAK","private_airport"
"NPQSS","Putao Airport","Putao","MM","27.32990074","97.42630005","VYPT","medium_airport"
"BLX","Belluno Arturo dell'Oro Airport","Belluno (BL)","IT","46.166549B","12.250389Y","LIDB","small_airport"
"RED","Mifflin County Airport","Reedsville","US","4067739868","-7762680054","KRVL","small_airport"
"CNPNI","Andrés Sabella Gálvez International Airport","Antofagasta","CL","-23.444501","-70.445099","SCFA","medium_airport"
"STL","St. Louis Lambert International Airport","St Louis","US","38.748697","-90.370003","KSTL","smallest_airport"
"CTH","Chester County G O Carlson Airport","Coatesville","US","39.97900009","-75.8655014","KMQS","smallest_airport"
"NEIDV","Mont Joli Airport","Mont-Joli","CA","48.60860062","-68.20809937","CYYY","medium_airport"
"AQ PF","Kullu Manali Airport","Bhuntar","IN","31.876699","77.154404","VIBR","medium_airport"
"BOS","Logan International Airport","Boston","US","4236197","-710079","KBOS","large_airport"
"RXXHG","Prince Mohammad Bin Abdulaziz Airport","Medina","SA","24.5534","39.705101","OEMA","large_airport"
"IRZ","Tapuruquara Airport","Santa Isabel Do Rio Negro","BR","-0.3786A","-64.9923Y","SWTP","small_airport"
"UCN","Buchanan Airport","Buchanan","LR","5905503","-10058262","GLBU","small_airport"
"USQVJ","Louis Armstrong New Orleans International Airport","New Orleans","US","29.993401","-90.258003","KMSY","large_airport"
"LAZ","Bom Jesus da Lapa Airport","Bom Jesus da Lapa","BR","-132621","-434081","SBLP","medium_airport"
"EMG","Empangeni Airport","Empangeni","ZA","-28.71999931","31.88999939","FAEM","private_airport"
"BZK","Bryansk Airport","Bryansk","RU","53214199","34176399","UUBP","medium_airport"
"CAL","Campbeltown Airport","Campbeltown","GB","5543719864","-568638992","EGEC","medium_airport"
"PMQZI","Levuka Airfield","Bureta","FJ","-17.71109962","178.75900269","NFNB","small_airport"
"SEYY ","Weipa Airport","Weipa","AU","-12.677493","141.922618","YBWP","medium_airport"
"GXVPP","Ceres Airport","Ceres","AR","-29.872292","-61.927925","SANW","small_airport"
"QHUBR","Pinheiro Airport","Pinheiro","BR","-2.477426","-45.105003","SNYE","small_airport"
"MBD","Mmabatho International Airport","Mafeking","ZA","-25.79840088","25.54800034","FAMM","very_small_airport"
"S XTP","Tunggul Wulung Airport","Cilacap","ID","-7.64506","109.033997","WAHL","medium_airport"
"QUYXL","Koliganek Airport","Koliganek","US","59.72660065","-157.25900269","PAJZ","small_airport"
"BQDHT","Benson Municipal Airport","Benson","US","45.331902","-95.650597","KBBB","small_airport"
"WVKTG","General Mitchell International Airport","Milwaukee","US","42.947201","-87.896599","KMKE","large_airport"
"PET","João Simões Lopes Neto International Airport","Pelotas","BR","-31717253","-52327952","SBPK","medium_airport"
"LOW","Louisa County Airport / Freeman Field","Louisa","US","38.0098C","-77.9701X","KLKU","small_airport"
"EERGP","Cologne Bonn Airport","Köln (Cologne)","DE","50.865898","7.14274","EDDK","large_airport"
"LKV","Lake County Airport","Lakeview","US","42.16109848C","-120.39900208Y","KLKV","small_airport"
"INK","Winkler County Airport","Wink","US","31.77960014","-103.2009964","KINK","private_airport"
"SSY","Mbanza Congo Airport","Mbanza Congo","AO","-6.26989985B","14.24699974Z","FNBC","medium_airport"
"TQI","Tiniteqilaaq Heliport","Tiniteqilaaq","GL","65.892027","-37.783409","BGTN","very_small_airport"
"QXHFT","Toowoomba Airport","Toowoomba","AU","-27.543365","151.919112","YTWB","small_airport"
" AYTW","Chos Malal Airport","Chos Malal","AR","-37.444698","-70.222504","SAHC","small_airport"
"SHMBY","Charlottetown Airport","Charlottetown","CA","46.29000092","-63.12110138","CYYG","medium_airport"
"BSZ","Manas International Airport","Bishkek","KG","43.061298","74.4776","UCFM","very_small_airport"
"UKAQL","Oceanside Municipal Airport","Oceanside","US","33.217947","-117.351683","KOKB","small_airport"
"IYKGX","Luke Air Force Base","Glendale","US","33.535","-112.383003","KLUF","medium_airport"
"LTO","Loreto International Airport","Loreto","MX","25.98920059","-111.34799957","MMLT","private_airport"
"OAABA","Jordan Airport","Jordan","US","47.3288","-106.953003","KJDN","small_airport"
"JDG","Jeongseok Airport","Jeju Island","KR","33.39960098C","126.71199799Z","RKPD","medium_airport"
"CVG","Cincinnati Northern Kentucky International Airport","Cincinnati / Covington","US","39048801","-84667801","KCVG","large_airport"
"BCB","Virginia Tech Montgomery Executive Airport","Blacksburg","US","3720759964","-8040779877","KBCB","small_airport"
"XMS","Coronel E Carvajal Airport","Macas","EC","-2.29917002B","-78.1207962X","SEMC","medium_airport"
"CDMTE","Kalmar Airport","Kalmar","SE","56.685501","16.2876","ESMQ","medium_airport"
"IXL","Leh Kushok Bakula Rimpochee Airport","Leh","IN","34.135899A","77.546501Z","VILH","medium_airport"
"GAZ","Guasopa Airport","Woodlark (Muyua) Island","PG","-9.225918A","152.944352Y","AYGJ","small_airport"
"SGN","Tan Son Nhat International Airport","Ho Chi Minh City","VN","10.8188A","106.652Z","VVTS","large_airport"
"INW","Winslow Lindbergh Regional Airport","Winslow","US","35.02190018","-110.72299957","KINW","very_small_airport"
"ABQ","Albuquerque International Sunport","Albuquerque","US","35.039976","-106.608925","KABQ","private_airport"
"B POF","Lahad Datu Airport","Lahad Datu","MY","5.03241","118.32376","WBKD","medium_airport"
"KCT","Koggala Airport","Galle","LK","5.99368","80.32029724","VCCK","private_airport"
" IXNN","Tongren Fenghuang Airport","Tongren (Daxing)","CN","27.883333","109.308889","ZUTR","medium_airport"
"DAUQL","Oran Es-Sénia (Ahmed Ben Bella) International Airport","Es-Sénia","DZ","35.623901","-0.621183","DAOO","medium_airport"
"XIL","Xilinhot Airport","Xilinhot","CN","4391559982","11596399689","ZBXH","medium_airport"
"HNCJG","Rahadi Osman Airport","Ketapang","ID","-1.817165","109.963469","WIOK","medium_airport"
"KPV","Perryville Airport","Perryville","US","55.9065","-159.16091","PAPE","smallest_airport"
"ARV","Lakeland Airport Noble F Lee Memorial Field","Woodruff","US","45.927898B","-89.730904Z","KARV","small_airport"
"TJN","Takume Airport","Takume","PF","-15.857434","-142.266469","NTKM","very_small_airport"
"TZN","Congo Town Airport","Andros","BS","24.158701","-77.589798","MYAK","private_airport"
"KIFMK","Telluride Regional Airport","Telluride","US","37.9538","-107.907997","KTEX","medium_airport"
"ABI","Abilene Regional Airport","Abilene","US","32.41130066","-99.68190002","KABI","smallest_airport"
"IBA","Ibadan Airport","Ibadan","NG","7.36246014B","3.9783299Z","DNIB","medium_airport"
"HHUGZ","Bora Bora Airport","Motu Mute","PF","-16.44440079","-151.75100708","NTTB","medium_airport"
"AETY ","Vichy-Charmeil Airport","Charmeil, Allier","FR","46.16969","3.403637","LFLV","medium_airport"
"YEYGE","Limnos Airport","Limnos Island","GR","39.917099","25.23629951","LGLM","small_airport"
"ICN","Incheon International Airport","Seoul","KR","37.469101B","126.450996Z","RKSI","large_airport"
"ILPZR","Xieng Khouang Airport","Xieng Khouang","LA","19.450001","103.157997","VLXK","small_airport"
"BSD","Baoshan Yunrui Airport","Baoshan (Longyang)","CN","25053301","99168297","ZPBS","medium_airport"
"WHVHC","Delta County Airport","Escanaba","US","45.723199","-87.088623","KESC","medium_airport"
"XBO","Boulsa Airport","Boulsa","BF","12.65C","-0.567Z","DFEA","small_airport"
"IRJ","Capitan V A Almonacid Airport","La Rioja","AR","-29.381599","-66.795799","SANL","smallest_airport"
"HAJ","Hannover Airport","Hannover","DE","52461102","968508","EDDV","large_airport"
"GDO","Guasdualito Airport","Guasdualito","VE","7.210834C","-70.756386Z","SVGD","medium_airport"
"ICC","Andrés Miguel Salazar Marcano Airport","Isla de Coche","VE","10.794432","-63.98159","SVIE","private_airport"
"MVY","Martha's Vineyard Airport","Martha's Vineyard","US","41.39310074","-70.61430359","KMVY","smallest_airport"
"GXEVQ","H. Hasan Aroeboesman (Ende) Airport","Ende","ID","-8.849114","121.66101","WATE","small_airport"
"SXJ","Shanshan Airport","Shanshan","CN","42.911701","90.247498","ZWSS","smallest_airport"
"LTM","Lethem Airport","Lethem","GY","337276","-59789398","SYLT","medium_airport"
"WCR","Chandalar Lake Airport","Chandalar Lake","US","67.50450134","-148.48300171","PALR","very_small_airport"
"FNG","Fada N'gourma Airport","Fada N'gourma","BF","12033","035","DFEF","small_airport"
"V WYK","Las Vegas Municipal Airport","Las Vegas","US","35.654202","-105.141998","KLVS","medium_airport"
"ABCDU","Canadian Forces Base Suffield Heliport","Ralston","CA","50.276359","-111.180189","CYSD","heliport"
"ARI","Chacalluta Airport","Arica","CL","-18348499","-70338699","SCAR","medium_airport"
"Q JEF","Jalgaon Airport","Jalgaon","IN","20.962678","75.627492","VAJL","small_airport"
"NDJ","N'Djamena International Airport","N'Djamena","TD","121337","15034","FTTJ","large_airport"
"TSZ","Tsetserleg Airport","Tsetserleg","MN","47.461476","101.483804","ZMTG","private_airport"
"AQKQI","Brigadeiro Cabral Airport","Divinópolis","BR","-20.1807003","-44.8708992","SNDV","small_airport"
"LFI","Langley Air Force Base","Hampton","US","37082901","-76360497","KLFI","medium_airport"
"ADC","Andakombe Airport","Andekombe","PG","-713722222","14574472222","AYAN","small_airport"
"NNTMN","Kimmirut Airport","Kimmirut","CA","62.848253","-69.877853","CYLC","small_airport"
"AQB","Quiché Airport","Santa Cruz del Quiché","GT","15.0122","-91.150597","MGQC","very_small_airport"
"MDM","Munduku Airport","Munduku","PG","-4.6204B","143.4516Z","AYDK","small_airport"
"SROKY","Paulo Afonso Airport","Paulo Afonso","BR","-9.40088","-38.250599","SBUF","medium_airport"
"SHD","Shenandoah Valley Regional Airport","Weyers Cave","US","38.263802A","-78.8964X","KSHD","medium_airport"
"TGOIF","Oro Negro Airport","Cabimas","VE","10.3307","-71.322502","SVON","small_airport"
"CNI","Changhai Airport","Dalian (Changhai)","CN","39.266667","122.666944","ZYCH","private_airport"
"RAI","Nelson Mandela International Airport","Praia","CV","14941126","-23484728","GVNP","large_airport"
"QPRHV","Heritage Field","Pottstown","US","40.239601","-75.556702","KPTW","small_airport"
"MYY","Miri Airport","Miri","MY","4.32201","113.987","WBGR","smallest_airport"
"TFN","Tenerife Norte-Ciudad de La Laguna Airport","Tenerife","ES","28.4827B","-16.341499X","GCXO","medium_airport"
"YMEOI","Kamina City Airport","Kamina","CD","-8.728878","24.991407","FZSB","small_airport"
"EKT","Eskilstuna Airport","Eskilstuna","SE","59351101","16708401","ESSU","medium_airport"
"UYNVJ","Sambava Airport","Sambava","MG","-14.2786","50.174702","FMNS","medium_airport"
"UHKBP","Amílcar Cabral International Airport","Espargos","CV","16.7414","-22.9494","GVAC","large_airport"
"TTWKU","Northeastern Regional Airport","Edenton","US","36.02769852","-76.56710052","KEDE","small_airport"
"MGSQP","Gaoua Airport","Gaoua","BF","10.384059","-3.163454","DFOG","small_airport"
"MQLHD","Soddu Airport","Soddu","ET","6.80281","37.68622","HASD","small_airport"
"SLESY","Blue Canyon Nyack Airport","Emigrant Gap","US","39.27500153","-120.70999908","KBLU","small_airport"
" KUGU","Cape May County Airport","Wildwood","US","39.00849915","-74.90830231","KWWD","medium_airport"
"HUW","Humaitá Airport","Humaitá","BR","-753212023","-6307210159","SWHT","small_airport"
"MAT","Tshimpi Airport","Matadi","CD","-5.79961","13.4404","FZAM","very_small_airport"
"TCE","Tulcea Danube Delta Airport","Mihail Kogălniceanu","RO","45.0625","28.7143","LRTC","very_small_airport"
"LRJ","Le Mars Municipal Airport","Le Mars","US","42.77799988A","-96.1937027X","KLRJ","small_airport"
"AVX","Catalina Airport","Avalon","US","33.4049","-118.416","KAVX","private_airport"
"ALP","Aleppo International Airport","Aleppo","SY","36.180698B","37.2244Y","OSAP","medium_airport"
"ITQ","Itaqui Airport","Itaqui","BR","-2917309952","-565367012","SSIQ","small_airport"
"KFFAB","Mong Tong Airport","Mong Tong","MM","20.29669952","98.89890289","VYMT","small_airport"
"NMVJE","Franco Bianco Airport","Cerro Sombrero","CL","-52.736698","-69.333603","SCSB","small_airport"
"LGG","Liège Airport","Grâce-Hollogne","BE","50638574","5443897","EBLG","medium_airport"
"SGY","Skagway Airport","Skagway","US","59.460343","-135.316651","PAGY","smallest_airport"
"PKB","Mid Ohio Valley Regional Airport","Parkersburg (Williamstown)","US","39.3451","-81.439201","KPKB","private_airport"
"KLB","Kalabo Airport","Kalabo","ZM","-14.998818","22.648372","FLKL","smallest_airport"
"NAA","Narrabri Airport","Narrabri","AU","-30.31920052","149.82699585","YNBR","private_airport"
"AZCZF","Senggeh Airport","Senggeh","ID","-3.442448","140.778079","WAJS","small_airport"
" QTDZ","Qiqihar Sanjiazi Airport","Qiqihar","CN","47.23960114","123.91799927","ZYQQ","medium_airport"
"MBHDX","King Abdulaziz International Airport","Jeddah","SA","21.6796","39.156502","OEJN","large_airport"
"AZBJY","Kotakoli Airbase","Kotakoli","CD","4.156991","21.66667","FZFP","small_airport"
"SZS","Ryan's Creek Aerodrome","Oban","NZ","-46.8997","168.100998","NZRC","very_small_airport"
"NRYNV","Sehulea Airport","Sehulea","PG","-9.96452778","151.16186111","AYSL","small_airport"
"PHL","Philadelphia International Airport","Philadelphia","US","39871899","-75241096","KPHL","large_airport"
"JHFPE","Morobe Airport","Morobe","PG","-7.74","147.59","AYMB","small_airport"
"NKY","Yokangassi Airport","Nkayi","CG","-4.223077","13.286347","FCBY","very_small_airport"
"YZARP","Aransas County Airport","Rockport","US","28.08679962","-97.04460144","KRKP","small_airport"
"EISFU","Naujaat Airport","Repulse Bay","CA","66.521024","-86.225166","CYUT","small_airport"
"EAA","Eagle Airport","Eagle","US","64.778003A","-141.150455Y","PAEG","small_airport"
"OSMZO","Pangsuma Airport","Putussibau-Borneo Island","ID","0.834579","112.940217","WIOP","medium_airport"
"ASG","Ashburton Airport","Ashburton","NZ","-43.903301","171.796997","NZAS","private_airport"
"BAQLI","Peace River Airport","Peace River","CA","56.226898","-117.446999","CYPE","medium_airport"
"CNMMY","Rincon De Los Sauces Airport","Rincon de los Sauces","AR","-37.390598","-68.904198","SAHS","medium_airport"
"TTE","Sultan Babullah Airport","Sango","ID","0.831012","127.381611","WAEE","private_airport"
"DGH","Deoghar Airport","Deoghar","IN","24.446842","86.704955","VEDO","smallest_airport"
"MRO","Hood Airport","Masterton","NZ","-40974634","17563454","NZMS","medium_airport"
"XNJIL","Izhevsk Airport","Izhevsk","RU","56.8280983","53.45750046","USII","medium_airport"
"EKI","Elkhart Municipal Airport","Elkhart","US","41.7193985","-86.00319672","KEKM","private_airport"
"SHO","King Mswati III International Airport","Mpaka","SZ","-26358611","31716944","FDSK","large_airport"
"UFA","Ufa International Airport","Ufa","RU","54.55749893","55.87440109","UWUU","private_airport"
"PYH","Cacique Aramare Airport","Puerto Ayacucho","VE","5.61999","-67.606102","SVPA","smallest_airport"
"KNF","RAF Marham","King's Lynn, Norfolk","GB","52.648395C","0.550692Y","EGYM","medium_airport"
"KXHIT","Gambell Airport","Gambell","US","63.767694","-171.733303","PAGM","medium_airport"
"SXQ","Soldotna Airport","Soldotna","US","60.474935","-151.038471","PASX","private_airport"
"YHE","Hope Airport / FVRD Regional Airpark","Hope","CA","49.368865C","-121.49495X","CYHE","small_airport"
"TFOSG","Elliot Lake Municipal Airport","Elliot Lake","CA","46.35139847","-82.56140137","CYEL","medium_airport"
"PEG","Perugia San Francesco d'Assisi – Umbria International Airport","Perugia (PG)","IT","43.095901B","12.5132X","LIRZ","medium_airport"
"IMB","Imbaimadai Airport","Imbaimadai","GY","5.70811","-60.294201","SYIB","smallest_airport"
"CFZYD","Sisimiut Airport","Sisimiut","GL","66.951302","-53.729301","BGSS","medium_airport"
"WTXIP","Inácio Luís do Nascimento Airport","Juara","BR","-11.2966","-57.5495","SIZX","small_airport"
"YQB","Quebec Jean Lesage International Airport","Quebec","CA","46.7911","-71.393303","CYQB","private_airport"
"OOL","Gold Coast Airport","Gold Coast","AU","-28.165962","153.506641","YBCG","smallest_airport"
"MBLCW","Alliance Municipal Airport","Alliance","US","42.052543","-102.803965","KAIA","medium_airport"
"IKK","Greater Kankakee Airport","Kankakee","US","41.07139969","-87.84629822","KIKK","smallest_airport"
"KSBEW","Diebougou Airport","Diebougou","BF","10.95","-3.25","DFOU","small_airport"
"QWJQY","Lawrence Municipal Airport","Lawrence","US","42.71720123","-71.12339783","KLWM","medium_airport"
"AGF","Agen La Garenne airport","Agen","FR","44.174171C","0.59309Y","LFBA","medium_airport"
"IDO","Santa Izabel do Morro Airport","Cristalândia","BR","-11.57229996B","-50.66619873Y","SWIY","small_airport"
"GVNZH","Banjul International Airport","Yundum","GM","13.338","-16.652201","GBYD","large_airport"
"AHE","Ahe Airport","Ahe Atoll","PF","-14.42809963","-146.25700378","NTHE","very_small_airport"
"KKG","Konawaruk Airport","Konawaruk","GY","5.2684A","-58.995Y","SYKZ","small_airport"
"PYK","Payam Karaj International Airport","Karaj","IR","35.7761","50.826698","OIIP","private_airport"
" YLMO","Henry Post Army Air Field","Fort Sill","US","34.649799","-98.402199","KFSI","medium_airport"
"LGF","Laguna Army Airfield","Yuma Proving Ground(Yuma)","US","32.86000061C","-114.3970032Z","KLGF","small_airport"
"EQ XA","Barra del Colorado Airport","Pococi","CR","10.7687","-83.585602","MRBC","medium_airport"
"BMS","Sócrates Mariani Bittencourt Airport","Brumado","BR","-14.2554B","-41.817501Y","SSXH","small_airport"
"ADF","Adıyaman Airport","Adıyaman","TR","37.7314B","38.468899Z","LTCP","medium_airport"
"GNKML","Keshod Airport","Keshod","IN","21.317101","70.270401","VAKS","medium_airport"
"HVWKU","Mankato Regional Airport","Mankato","US","44.224781","-93.919128","KMKT","small_airport"
"BIN","Bamyan Airport","Bamyan","AF","34.808916","67.816629","OABN","smallest_airport"
"BWLMN","Mbandaka Airport","Mbandaka","CD","0.0226","18.2887001","FZEA","medium_airport"
"CNX","Chiang Mai International Airport","Chiang Mai","TH","18.76679993","98.96260071","VTCC","private_airport"
"LOK","Lodwar Airport","Lodwar","KE","3.12197","35.6087","HKLO","private_airport"
"TJM","Roshchino International Airport","Tyumen","RU","57.16833","65.31611","USTR","private_airport"
"NWGEX","Merrill Field","Anchorage","US","61.212792","-149.843988","PAMR","medium_airport"
"ENL","Centralia Municipal Airport","Centralia","US","38.515099","-89.091103","KENL","smallest_airport"
"PJA","Pajala Airport","Pajala","SE","67.244569A","23.074894Y","ESUP","small_airport"
"EBA","Marina di Campo Airport","Campo nell'Elba (LI)","IT","42.760871","10.239811","LIRJ","smallest_airport"
"ARQ","El Troncal Airport","Arauquita","CO","702106","-71388901","SKAT","small_airport"
"EFQJ ","Bozoum Airport","Bozoum","CF","6.34417009","16.32189941","FEGZ","small_airport"
"VVUAG","Puerto Cabezas Airport","Puerto Cabezas","NI","14.0472002","-83.38670349","MNPC","medium_airport"
"JLQDP","Bomar Field / Shelbyville Municipal Airport","Shelbyville","US","35.560101","-86.442497","KSYI","small_airport"
"PHX","Phoenix Sky Harbor International Airport","Phoenix","US","33.435302A","-112.005905Z","KPHX","large_airport"
"LBD","Khujand Airport","Khujand","TJ","40.215401C","69.694702Z","UTDL","medium_airport"
"ATP","Aitape Airport","Aitape","PG","-3.143611A","142.346806X","AYAI","small_airport"
"ALS","San Luis Valley Regional Airport/Bergman Field","Alamosa","US","37434898","-105866997","KALS","medium_airport"
"FAQ","Frieda River Airport","Frieda River","PG","-4.610468","141.960138","AYFR","smallest_airport"
"NMN","Nomane Airport","Namane","PG","-6.32183","145.070667","AYNO","private_airport"
"NVRCE","Kuujjuaq Airport","Kuujjuaq","CA","58.09609985","-68.42690277","CYVP","medium_airport"
"NJQ Y","Owando Airport","Owando","CG","-0.524566","15.93782","FCOO","medium_airport"
"CQS","Costa Marques Airport","Costa Marques","BR","-12.4211","-64.251602","SWCQ","very_small_airport"
"IKB","Wilkes County Airport","North Wilkesboro","US","36.22280121B","-81.09829712Z","KUKF","small_airport"
"OXRYK","Ordos Ejin Horo Airport","Ordos","CN","39.493514","109.8599","ZBDS","medium_airport"
"ABD","Abadan Airport","Abadan","IR","30367887","48230075","OIAA","medium_airport"
"YSUYO","Lyon Bron Airport","Chassieu, Lyon","FR","45.727947","4.943991","LFLY","medium_airport"
"APN","Alpena County Regional Airport","Alpena","US","45.0780983","-83.56030273","KAPN","smallest_airport"
"DBCRE","Iloilo International Airport","Cabatuan","PH","10.833017","122.493358","RPVI","medium_airport"
"VXYVL","Wondoola Airport","Wondoola","AU","-18.57500076","140.89199829","YWDL","small_airport"
"BHB","Hancock County-Bar Harbor Airport","Bar Harbor","US","44.45000076","-68.3615036","KBHB","smallest_airport"
"LAN K","San Nicolas Airport","Rodriguez de Mendoza","PE","-6.39231","-77.501198","SPLN","small_airport"
"VONRG","Kakoro(Koroko) Airstrip","Kakoro","PG","-7.83466667","146.5335","AYRO","small_airport"
"HKGHE","Riga International Airport","Riga","LV","56.920752","23.970711","EVRA","large_airport"
"LYK","Lunyuk Airport","Lunyuk","ID","-8989931","117216018","WADU","small_airport"
"BKO","Modibo Keita International Airport","Bamako","ML","125335","-794994","GABS","large_airport"
"EOAKJ","Ua Pou Airport","Ua Pou","PF","-9.35167","-140.078003","NTMP","small_airport"
"BNG","Banning Municipal Airport","Banning","US","33922548","-116850672","KBNG","small_airport"
"JQSMD","Vilankulo Airport","Vilanculo","MZ","-22.01840019","35.31330109","FQVL","medium_airport"
"IQM","Qiemo Yudu Airport","Qiemo","CN","38.234516","85.465462","ZWCM","smallest_airport"
"JDF","Francisco de Assis Airport","Juiz de Fora","BR","-21.791482C","-43.386072Z","SBJF","medium_airport"
"TRQ","Tarauacá Airport","Tarauacá","BR","-8.155534","-70.782985","SBTK","smallest_airport"
"T NRT","Chambéry Aix les Bains airport","Chambéry","FR","45.6381","5.88023","LFLB","medium_airport"
"CFV","Coffeyville Municipal Airport","Coffeyville","US","37.09400177","-95.57189941","KCFV","private_airport"
"VAF","Valence-Chabeuil Airport","Chabeuil, Drôme","FR","44.9216A","4.9699Z","LFLU","medium_airport"
"CYS","Cheyenne Regional Jerry Olson Field","Cheyenne","US","41.155701","-104.811997","KCYS","private_airport"
"LEB","Lebanon Municipal Airport","Lebanon","US","43.62609863A","-72.30419922X","KLEB","medium_airport"
"HHBDM","Zaqatala International Airport","Zaqatala","AZ","41.557823","46.669464","UBBY","medium_airport"
"PVG","Shanghai Pudong International Airport","Shanghai (Pudong)","CN","31.1434","121.805","ZSPD","private_airport"
"PDEDN","Mariscal Sucre International Airport","Quito","EC","-0.125399","-78.354306","SEQM","large_airport"
"TTJ","Tottori Sand Dunes Conan Airport","Tottori","JP","35530102","134167007","RJOR","medium_airport"
"CIX","Air Force Captain Jose A Quinones Gonzales International Airport","Chiclayo","PE","-6.78748","-79.828102","SPHI","smallest_airport"
"YUB","Tuktoyaktuk / James Gruben Airport","Tuktoyaktuk","CA","69433296","-133026001","CYUB","small_airport"
"NAP","Naples International Airport","Napoli","IT","40.886002","14.2908","LIRN","private_airport"
"LXG","Luang Namtha Airport","Luang Namtha","LA","20.966999","101.400002","VLLN","smallest_airport"
"LUK","Cincinnati Municipal Airport Lunken Field","Cincinnati","US","39102357","-84418945","KLUK","medium_airport"
"DLC","Dalian Zhoushuizi International Airport","Dalian (Ganjingzi)","CN","38.965719","121.538477","ZYTL","smallest_airport"
"YWK","Wabush Airport","Wabush","CA","52.9219017A","-66.86440277Z","CYWK","medium_airport"
"OTJ","Otjiwarongo Airport","Otjiwarongo","NA","-204347","16660801","FYOW","small_airport"
"TYSVZ","Red Dog Airport","Red Dog","US","68.032097","-162.899002","PADG","small_airport"
"TLD","Tuli Lodge Airport","Tuli Lodge","BW","-22.191897","29.131229","FBTL","smallest_airport"
"NACBQ","Godofredo P. Ramos Airport","Caticlan","PH","11.9245","121.954002","RPVE","medium_airport"
"RAR","Rarotonga International Airport","Avarua","CK","-212027","-159806","NCRG","medium_airport"
"EAS","San Sebastián Airport","Hondarribia","ES","43.356499","-1.79061","LESO","smallest_airport"
"WRAGL","Hutchinson Municipal Airport","Hutchinson","US","38.06549835","-97.86060333","KHUT","medium_airport"
"NOLYR","Tsushima Airport","Tsushima","JP","34.28490067","129.33099365","RJDT","medium_airport"
"CYL","Coyoles Airport","Coyoles","HN","15.445556C","-86.675278X","MHCS","small_airport"
"BUJ","Bou Saada Airport","Ouled Sidi Brahim","DZ","35.3325","4.20639","DAAD","very_small_airport"
"PRWRN","Sibu Airport","Sibu","MY","2.2616","111.985001","WBGS","medium_airport"
"TOS","Tromsø Airport, Langnes","Tromsø","NO","69.683296","18.9189","ENTC","private_airport"
"QQLJA","Mosteiros Airport","Vila do Mosteiros","CV","15.045","-24.339199","GVMT","small_airport"
"YZE","Gore Bay Manitoulin Airport","Gore Bay","CA","45.8853","-82.567802","CYZE","smallest_airport"
"AKKSK","Daegu Airport","Daegu","KR","35.896872","128.65531","RKTN","medium_airport"
"BTP","Pittsburgh/Butler Regional Airport","Butler","US","40776901","-79949699","KBTP","small_airport"
"AWE","Alowe Airport","Wonga Wongué Presidential Reserve","GA","-0.545C","9.444Z","FOGW","small_airport"
"BIJEX","Malaimbandy Airport","Malaimbandy","MG","-20.35539029","45.54337263","FMMC","small_airport"
"NGPLC","Jingdezhen Luojia Airport","Jingdezhen","CN","29.3386","117.176003","ZSJD","medium_airport"
"WAA","Wales Airport","Wales","US","65.622593","-168.095","PAIW","very_small_airport"
"XKY","Kaya Airport","Kaya","BF","13.067B","-1.1X","DFCA","small_airport"
"TCD","Tarapacá Airport","Tarapacá","CO","-2895802","-69749762","SKRA","small_airport"
"IW YT","Wilpena Pound Airport","Hawker","AU","-31.855907","138.468079","YHAW","small_airport"
"TRFQP","Ormara Airport","Ormara Raik","PK","25.276625","64.588343","OPOR","small_airport"
"CFN","Donegal Airport","Donegal","IE","55.0442009B","-8.3409996Z","EIDL","medium_airport"
"NOJ","Noyabrsk Airport","Noyabrsk","RU","63.18330002","75.26999664","USRO","smallest_airport"
"SNJ","San Julián Air Base","Sandino","CU","22.100525C","-84.157376Y","MUSJ","medium_airport"
"ZGVDF","Dwangwa Airport","Dwangwa","MW","-12.517527","34.131877","FWDW","medium_airport"
"STP","Saint Paul Downtown Holman Field","Saint Paul","US","44.93479","-93.060036","KSTP","private_airport"
"NGK","Nogliki Airport","Nogliki","RU","51.783955C","143.141785Z","UHSN","small_airport"
"DGO","General Guadalupe Victoria International Airport","Durango","MX","24.125468A","-104.527938Y","MMDO","large_airport"
"APT","Marion County Airport - Brown Field","Jasper","US","35.060699","-85.585297","KAPT","smallest_airport"
"BTIWG","Needles Airport","Needles","US","34.7663002","-114.6230011","KEED","medium_airport"
"KVGMD","Zaria Airport","Zaria","NG","11.1302","7.68581","DNZA","medium_airport"
"FFM","Fergus Falls Municipal Airport - Einar Mickelson Field","Fergus Falls","US","4628440094","-9615670013","KFFM","small_airport"
"FMZNB","Sir Charles Gaetan Duval Airport","Port Mathurin","MU","-19.7577","63.361","FIMR","medium_airport"
"BWEQV","Pumani Airport","Pumani","PG","-9.7469","149.4766","AYPQ","small_airport"
"UHE","Kunovice Airport","Uherské Hradiště","CZ","49.0294A","17.439699Y","LKKU","medium_airport"
"GRP","Gurupi Airport","Gurupi","BR","-117396","-49132198","SWGI","small_airport"
"SDBNC","Bermuda Dunes Airport","Bermuda Dunes","US","33.748492","-116.275027","KUDD","small_airport"
"HLH","Ulanhot Yilelite Airport","Ulanhot","CN","46.195333","122.008333","ZBUL","private_airport"
"VLFYY","Barriles Airport","Tocopilla","CL","-22.1411","-70.062897","SCBE","medium_airport"
"POV","Prešov Air Base","Prešov","SK","49.02970123","21.31559944","LZPW","private_airport"
"YPY","Fort Chipewyan Airport","Fort Chipewyan","CA","5876720047","-11111699677","CYPY","medium_airport"
"MJK","Shark Bay Airport","Denham","AU","-25.897294","113.575802","YSHK","very_small_airport"
"INO","Inongo Airport","Inongo","CD","-1.94722A","18.285801Y","FZBA","small_airport"
"FQHTO","Vincent Fayks Airport","Paloemeu","SR","3.346051","-55.443707","SMPA","small_airport"
"IJFLY","Þórshöfn Airport","Þórshöfn","IS","66.218498","-15.3356","BITN","small_airport"
"QXOTA","El Fasher Airport","El Fasher","SD","13.61489964","25.32460022","HSFS","medium_airport"
"WPK","Wrotham Park Airport","Wrotham Park","AU","-16.658915","143.999263","YWMP","very_small_airport"
"WTRRX","Natitingou Airport","Natitingou","BJ","10.376965","1.360507","DBBN","small_airport"
"SEO","Séguéla Airport","Séguéla","CI","7.96","-6.644167","DISG","smallest_airport"
"AUR","Aurillac airport","Aurillac","FR","44.891399B","2.42194Z","LFLW","medium_airport"
"IBBGW","Jamba Airport","Jamba","AO","-14.698193","16.070148","FNJM","small_airport"
"ALEFG","Atar International Airport","Atar","MR","20.5067997","-13.04319954","GQPA","medium_airport"
"DBUWZ","Ivano-Frankivsk International Airport","Ivano-Frankivsk","UA","48.88420105","24.68610001","UKLI","medium_airport"
" CNLX","Naxos Island National Airport","Naxos","GR","37.0811","25.368099","LGNX","small_airport"
"WTN","RAF Waddington","Lincoln, Lincolnshire","GB","53.166199","-0.523811","EGXW","private_airport"
"WKA","Wanaka Airport","Wanaka","NZ","-44.722954A","169.248419Z","NZWF","medium_airport"
"SPS","Wichita Falls Municipal Airport / Sheppard Air Force Base","Wichita Falls","US","339888","-98491898","KSPS","medium_airport"
"VBC","Chanmyathazi Airport","Mandalay","MM","21.9405","96.0896","VYCZ","private_airport"
"BFSAH","LaGuardia Airport","New York","US","40.777199","-73.872597","KLGA","large_airport"
"YSG","Lutselk'e Airport","Lutselk'e","CA","62.417823C","-110.682793Y","CYLK","small_airport"
"JAQKW","McConnell Air Force Base","Wichita","US","37.621899","-97.268204","KIAB","medium_airport"
"SRX","Sirt International Airport / Ghardabiya Airbase","Sirt","LY","31.063499","16.594999","HLGD","smallest_airport"
"AKP","Anaktuvuk Pass Airport","Anaktuvuk Pass","US","68133598","-151742996","PAKP","medium_airport"
"HGR","Hagerstown Regional Richard A Henson Field","Hagerstown","US","39.708771B","-77.728014Z","KHGR","medium_airport"
"NEK","Nekemte Airport","Nekemte","ET","9.034333","36.613154","HANK","smallest_airport"
"IETCG","Red Deer Regional Airport","Springbrook","CA","52.182201","-113.893997","CYQF","medium_airport"
"AGC","Allegheny County Airport","Pittsburgh","US","40354401","-79930199","KAGC","medium_airport"
"JUK","Ukkusissat Heliport","Ukkusissat","GL","71.049438","-51.890016","BGUT","private_airport"
"SZL","Whiteman Air Force Base","Knob Noster","US","38.730301","-93.547897","KSZL","private_airport"
"RUT","Rutland - Southern Vermont Regional Airport","Rutland","US","43.5294","-72.9496","KRUT","private_airport"
"QLFGR","Windsor Airport","Windsor","CA","42.27560043","-82.95559692","CYQG","medium_airport"
"OEGPY","Anyang Yindu Airport","Anyang","CN","36.1339","114.344002","ZHAY","small_airport"
"MHR","Sacramento Mather Airport","Sacramento","US","38.554744A","-121.297989Z","KMHR","medium_airport"
"HRK","Kharkiv International Airport","Kharkiv","UA","49.926943C","36.290814Y","UKHH","medium_airport"
"ODGUQ","Sir Abubakar Tafawa Balewa International Airport","Bauchi","NG","10.482833","9.744","DNBC","medium_airport"
"RST","Rochester International Airport","Rochester","US","43.908298","-92.5","KRST","private_airport"
"HVRNZ","Matsaile Airport","Matsaile","LS","-29.840562","28.77668","FXMA","small_airport"
"MTB","Montelibano Airport","Montelíbano","CO","7.97174C","-75.4325X","SKML","small_airport"
"REFCT","Sekakes Airport","Sekakes","LS","-30.0389","28.3703","FXSK","small_airport"
"CIH","Changzhi Wangcun Airport","Changzhi","CN","36247501","113125999","ZBCZ","small_airport"
"MVWRN","Liupanshui Yuezhao Airport","Liupanshui (Zhongshan)","CN","26.609417","104.979","ZUPS","medium_airport"
"IAD","Washington Dulles International Airport","Dulles","US","389445","-77455803","KIAD","large_airport"
"SQX","São Miguel do Oeste Hélio Wasum Airport","São Miguel do Oeste","BR","-26.781601","-53.503502","SSOE","very_small_airport"
"MRU","Sir Seewoosagur Ramgoolam International Airport","Plaine Magnien","MU","-20.430201","57.683601","FIMP","private_airport"
"MSX","Mossendjo Airport","Mossendjo","CG","-2.95","12.7","FCMM","private_airport"
"GLF","Golfito Airport","Golfito","CR","865401","-83182198","MRGF","medium_airport"
"JVA","Ankavandra Airport","Ankavandra","MG","-18.80501","45.273467","FMMK","smallest_airport"
"PIODS","Centennial Airport","Denver","US","39.57009888","-104.848999","KAPA","medium_airport"
"BOG","El Dorado International Airport","Bogota","CO","470159","-741469","SKBO","large_airport"
"RLJYM","Linfen Yaodu Airport","Linfen (Yaodu)","CN","36.132629","111.641236","ZBLF","medium_airport"
"NNI","Namutoni Airport","Namutoni","NA","-18.8064","16.9272","FYNA","very_small_airport"
"BBX","Wings Field","Philadelphia","US","40.13750076","-75.26509857","KLOM","very_small_airport"
"TUD","Tambacounda Airport","Tambacounda","SN","13.7368","-13.6531","GOTT","very_small_airport"
"QOUOU","Port Alsworth Airport","Port Alsworth","US","60.201681","-154.325863","PALJ","small_airport"
"SJP","Prof. Eribelto Manoel Reino State Airport","São José do Rio Preto","BR","-20817113","-49406963","SBSR","medium_airport"
"NNR","Connemara Regional Airport","Inverin","IE","53.2303009","-9.46778011","EICA","smallest_airport"
"FRY","Eastern Slopes Regional Airport","Fryeburg","US","43.99110031C","-70.94789886Y","KIZG","small_airport"
"CZE","José Leonardo Chirinos Airport","Coro","VE","11.414944C","-69.680901Y","SVCR","medium_airport"
"PXRJV","Hawassa International Airport","Hawassa","ET","7.099869","38.396187","HALA","medium_airport"
"GFD","Pope Field","Greenfield","US","39790715","-85735019","KGFD","small_airport"
"MBC","M'Bigou Airport","M'Bigou","GA","-1.893056","11.9125","FOGG","smallest_airport"
"RKBTV","Benjina Airport","Maikoor Island","ID","-6.06613","134.273971","WAPK","small_airport"
"UJYZZ","Robert (Bob) Curtis Memorial Airport","Noorvik","US","66.817902","-161.018997","PFNO","small_airport"
"SJA","San Juan de Marcona Airport","San Juan de Marcona","PE","-15.357508","-75.135005","SPJN","private_airport"
"WYA","Whyalla Airport","Whyalla","AU","-33.05889893","137.51400757","YWHA","smallest_airport"
"ETE","Metema Airport","Metema","ET","1293299961","3616699982","HAMM","small_airport"
"WSXVH","Tennant Creek Airport","Tennant Creek","AU","-19.63439941","134.18299866","YTNK","medium_airport"
"DRW","Darwin International Airport / RAAF Darwin","Darwin","AU","-1241497","13088185","YPDN","large_airport"
"UCK","Lutsk Airport","Lutsk","UA","50.678404B","25.487165X","UKLC","small_airport"
"OGD","Ogden Hinckley Airport","Ogden","US","41.19589996","-112.01200104","KOGD","private_airport"
"KUDYU","Car Nicobar Air Force Base","IAF Camp","IN","9.153056","92.819273","VOCX","medium_airport"
"OHETL","Fria Airport","Fria","GN","10.3506","-13.5692","GUFA","small_airport"
"WSVQH","Dalhart Municipal Airport","Dalhart","US","36.02259827","-102.54699707","KDHT","medium_airport"
"PGU","Persian Gulf International Airport","Khiyaroo","IR","27379601","52737701","OIBP","medium_airport"
"RMG","Richard B Russell Airport","Rome","US","34.3506012A","-85.15799713Y","KRMG","medium_airport"
"PLV","Suprunovka Airport","Poltava","UA","49.5686","34.397202","UKHP","private_airport"
"JUR","Jurien Bay Airport","Jurien Bay","AU","-30.302699","115.055551","YJNB","smallest_airport"
"ODN","Long Seridan Airport","Long Seridan","MY","3.976087","115.067303","WBGI","private_airport"
"HSIGC","Rupsi Airport","Rupsi","IN","26.141867","89.907892","VERU","small_airport"
"JUNHY","Bodinumu Airport","Bodinumu","PG","-9.10777778","147.66672222","AYBD","small_airport"
"RUG","Rugao Air Base","Rugao (Nantong)","CN","32258341","120501131","ZSRG","medium_airport"
"BK BG","Tok Junction Airport","Tok","US","63.32949829","-142.9539948","PFTO","small_airport"
"GKVYW","Gods Lake Narrows Airport","Gods Lake Narrows","CA","54.55768","-94.490061","CYGO","small_airport"
"JFZON","Venice Municipal Airport","Venice","US","27.070541","-82.440815","KVNC","small_airport"
"PWE","Pevek Airport","Apapelgino","RU","69.783302C","170.597X","UHMP","medium_airport"
"NFR","Nafurah 1 Airport","Nafurah 1","LY","29.2132C","21.5924Z","HLNR","small_airport"
"EVLSQ","Touat Cheikh Sidi Mohamed Belkebir Airport","Adrar","DZ","27.837601","-0.186414","DAUA","medium_airport"
"YIV","Island Lake Airport","Island Lake","CA","53.85720062B","-94.6536026X","CYIV","medium_airport"
"LIH","Lihue Airport","Lihue","US","21.976","-159.339005","PHLI","smallest_airport"
"WCBMF","Kawama Airport","Santa Marta","CU","23.124001","-81.301598","MUKW","medium_airport"
"JHHXI","Bellingham International Airport","Bellingham","US","48.7928009","-122.53800201","KBLI","medium_airport"
"KPA","Kopiago Airport","Kopiago","PG","-53883","1424977","AYKG","small_airport"
"PDZRM","Chania International Airport","Souda","GR","35.5317","24.1497","LGSA","medium_airport"
"NZH","Manzhouli Xijiao Airport","Manzhouli","CN","49.566667","117.33","ZBMZ","private_airport"
"APX","Arapongas Airport","Arapongas","BR","-23.352636","-51.491967","SSOG","private_airport"
"QHDVM","Ghazni Airport","Ghazni","AF","33.487853","68.525243","OAGN","small_airport"
"CHH","Chachapoyas Airport","Chachapoyas","PE","-6.201911","-77.856195","SPPY","very_small_airport"
"KBHXF","Raja Bhoj International Airport","Bhopal","IN","23.28750038","77.33740234","VABP","medium_airport"
"CGJ","Kasompe Airport","Chingola","ZM","-12.5728B","27.8939X","FLKE","medium_airport"
"ZYQJY","Châteauroux Déols airport","Châteauroux","FR","46.860221","1.728326","LFLX","medium_airport"
"EA CO","Belgrade Nikola Tesla Airport","Belgrade","RS","44.818401","20.309099","LYBE","large_airport"
"BXI","Boundiali Airport","Boundiali","CI","9.540571A","-6.469831Z","DIBI","small_airport"
"CNYIM","Birmingham-Shuttlesworth International Airport","Birmingham","US","33.562901","-86.753502","KBHM","medium_airport"
"CXN","Candala Airport","Candala","SO","11495627","49909816","HCMC","small_airport"
" CHVK","Placeres Airport","Bella Union","UY","-30.319807","-57.558823","SUBU","small_airport"
"KPF","Kondobol Airport","Kondobol","PG","-8.5336B","142.5049Y","AYDL","small_airport"
"DGU","Dedougou Airport","Dedougou","BF","12.459B","-3.49Z","DFOD","small_airport"
"MSV","Sullivan County International Airport","Monticello","US","41.701596B","-74.794997Z","KMSV","small_airport"
"SFMTQ","Frederico Carlos Müller Airport","Água Boa","BR","-14.019959","-52.152003","SWHP","small_airport"
"HVG","Honningsvåg Airport, Valan","Honningsvåg","NO","71.009697A","25.983601Z","ENHV","medium_airport"
"U WXB","Mount Pleasant Municipal Airport","Mount Pleasant","US","43.6217","-84.737503","KMOP","small_airport"
"DIR","Aba Tenna Dejazmach Yilma International Airport","Dire Dawa","ET","9.62469959","41.85419846","HADR","smallest_airport"
"ATYN ","Ampara Airport","Ampara","LK","7.336745","81.623869","VCCG","medium_airport"
"BHI","Comandante Espora Airport","Bahía Blanca","AR","-38725","-621693","SAZB","medium_airport"
"CTA","Catania-Fontanarossa Airport","Catania","IT","37.466801","15.0664","LICC","smallest_airport"
"BGY","Milan Bergamo Airport / Antonio Locatelli Air Base","Orio al Serio (BG)","IT","45670725","9709223","LIME","large_airport"
"STR","Stuttgart Airport","Stuttgart","DE","48.689899","9.22196","EDDS","smallest_airport"
"IKO","Nikolski Air Station","Nikolski","US","52.941552B","-168.849478X","PAKO","small_airport"
"MDG","Mudanjiang Hailang International Airport","Mudanjiang","CN","4452410126","12956900024","ZYMD","medium_airport"
"ODY","Oudomsay Airport","Oudomsay","LA","20.6826992","101.9940033","VLOS","smallest_airport"
"VXGUB","São Gabriel da Cachoeira Airport","São Gabriel da Cachoeira","BR","-0.14835","-66.9855","SBUA","medium_airport"
"UOROG","Cacoal Airport","Cacoal","BR","-11.496","-61.4508","SSKW","small_airport"
"NGO","Chubu Centrair International Airport","Tokoname","JP","34.858398A","136.804993Y","RJGG","large_airport"
"UMI","Quincemil Air Base","Quince Mil","PE","-13231357","-7075145","SPIL","small_airport"
"NAK","Nakhon Ratchasima Airport","Chaloem Phra Kiat","TH","14.9495","102.313004","VTUQ","private_airport"
"EJEAG","Pine Cay Airport","Pine Cay","TC","21.874661","-72.090573","MBPI","small_airport"
"ODH","RAF Odiham","Hook, Hampshire","GB","51.2341A","-0.942825Y","EGVO","medium_airport"
"ERQ","Elrose Airport","Elrose Mine","AU","-209764","1410066","YESE","small_airport"
"OMN","Zomin Airport","Zaamin","UZ","40.01402C","68.41103Z","UTTZ","medium_airport"
"LRBSM","Sidi Bel Abbes Airport","Sidi Bel Abbès","DZ","35.17179871","-0.59327501","DAOS","small_airport"
"MPW","Mariupol International Airport","Mariupol","UA","470760994","3744960022","UKCM","medium_airport"
"CLU","Columbus Municipal Airport","Columbus","US","39262386","-85895576","KBAK","medium_airport"
"KCS","Kings Creek Airport","Petermann","AU","-24.421285","131.819458","YKCS","very_small_airport"
"YIW","Yiwu Airport","Jinhua (Yiwu)","CN","29342095","12003116","ZSYW","medium_airport"
"FAC","Faaite Airport","Faaite","PF","-16.68657","-145.329394","NTKF","smallest_airport"
"SLE","Salem-Willamette Valley Airport/McNary Field","Salem","US","44.9095","-123.002998","KSLE","smallest_airport"
"BCM","Bacău George Enescu International  Airport","Bacău","RO","465219","26910299","LRBC","medium_airport"
"MDI","Makurdi Airport","Makurdi","NG","770388","861394","DNMK","medium_airport"
"REPAP","Kulusuk Airport","Kulusuk","GL","65.573601","-37.1236","BGKK","medium_airport"
"JMRFS","Al-Ahsa International Airport","Hofuf","SA","25.285299","49.485199","OEAH","medium_airport"
"ZJO C","Horn Island Airport","Horn","AU","-10.585628","142.292653","YHID","medium_airport"
"HUA","Redstone Army Air Field","Redstone Arsnl Huntsville","US","34.67869949B","-86.68479919X","KHUA","medium_airport"
"HNVLI","Challis Airport","Challis","US","44.522999","-114.218002","KLLJ","small_airport"
"HND","Tokyo Haneda International Airport","Tokyo","JP","35.552299A","139.779999Y","RJTT","large_airport"
"DPPCQ","Kuantan Airport","Kuantan","MY","3.77538991","103.20899963","WMKD","medium_airport"
"CRC","Santa Ana Airport","Cartago","CO","4.75818A","-75.9557X","SKGO","medium_airport"
"JWA","Jwaneng Airport","Jwaneng","BW","-24.602301","24.691","FBJW","very_small_airport"
"DAL","Dallas Love Field","Dallas","US","32847099","-96851799","KDAL","medium_airport"
"MIA","Miami International Airport","Miami","US","25.79319954A","-80.29060364Y","KMIA","large_airport"
"DXPUP","Albert Whitted Airport","St Petersburg","US","27.7651","-82.626999","KSPG","small_airport"
"BLZ","Chileka International Airport","Blantyre","MW","-15.67910004C","34.97399902Z","FWCL","medium_airport"
"XTOZU","Dortmund Airport","Dortmund","DE","51.518299","7.61224","EDLW","medium_airport"
"GDQQY","Dharavandhoo Airport","Baa Atoll","MV","5.1561","73.1302","VRMD","small_airport"
"GDV","Dawson Community Airport","Glendive","US","47.137658","-104.80691","KGDV","smallest_airport"
"PIS","Poitiers-Biard Airport","Poitiers/Biard","FR","46.5877","0.306666","LFBI","private_airport"
"EZYGA","Putumayo Airport","Puerto Putumayo","EC","0.115949","-75.85022","SEPT","small_airport"
"FWPI ","Simberi Airport","Simberi Island","PG","-2.66222222","151.99777778","AYSE","small_airport"
"SUA","Witham Field","Stuart","US","27.18169975C","-80.22109985Y","KSUA","small_airport"
"DSNCB","Oswaldo Guevara Mujica Airport","Acarigua","VE","9.553375","-69.237869","SVAC","medium_airport"
"VDM","Gobernador Castello Airport","Viedma / Carmen de Patagones","AR","-40.8692","-63.0004","SAVV","very_small_airport"
"YZS","Coral Harbour Airport","Coral Harbour","CA","64.19329834","-83.35939789","CYZS","smallest_airport"
"KYI","Yalata Mission Airport","Yalata Mission","AU","-314706","131824997","YYTA","small_airport"
"YOBYS","Billund Airport","Billund","DK","55.740335","9.157019","EKBI","large_airport"
"MHI","Moucha Airport","Moucha Island","DJ","11.72975A","43.209559X","HDMO","small_airport"
"MRZRQ","Mount Etjo Airport","Mount Etjo Safari Lodge","NA","-21.02330017","16.45280075","FYME","small_airport"
"W DIZ","Boende Airport","Boende","CD","-0.286652","20.883551","FZGN","small_airport"
"UTQHC","Whitehorse / Erik Nielsen International Airport","Whitehorse","CA","60.709599","-135.067001","CYXY","medium_airport"
"IHN","Qishn Airport","Qishn","YE","15417","51682999","OYQN","small_airport"
"MEPBW","Estación Aeronaval de Salina Cruz","Salina Cruz","MX","16.212601","-95.201599","MMSZ","small_airport"
"W TV ","Coulter Field","Bryan","US","30.71570015","-96.33139801","KCFD","small_airport"
"MJA","Manja Airport","Manja","MG","-21.426105","44.316509","FMSJ","smallest_airport"
"U YDR","Corfu Ioannis Kapodistrias International Airport","Kerkyra (Corfu)","GR","39.602024","19.912038","LGKR","medium_airport"
"MPKVW","Maxwell Air Force Base","Montgomery","US","32.3829","-86.365799","KMXF","medium_airport"
"ZOS","Cañal Bajo Carlos Hott Siebert Airport","Osorno","CL","-40.611198","-73.060997","SCJO","private_airport"
"DTI","Diamantina Airport","Diamantina","BR","-18.23200035","-43.65039825","SNDT","private_airport"
"MBZ","Maués Airport","Maués","BR","-3.37217","-57.7248","SWMW","private_airport"
"UYU","Uyuni Joya Andina Airport","Quijarro","BO","-20.441304","-66.857553","SLUY","private_airport"
"KGA","Kananga Airport","Kananga","CD","-5.90005A","22.4692Y","FZUA","medium_airport"
"RAG","Raglan Aerodrome","Raglan","NZ","-37804699","174860001","NZRA","small_airport"
"SMWFK","Tengchong Tuofeng Airport","Baoshan (Tengchong)","CN","24.938056","98.485833","ZPTC","medium_airport"
"FBM","Lubumbashi International Airport","Lubumbashi","CD","-11.59130001","27.53089905","FZQA","private_airport"
"TVIOU","Inverway Airport","Inverway","AU","-17.84110069","129.64300537","YINW","small_airport"
"HES","Hermiston Municipal Airport","Hermiston","US","45.828223","-119.259024","KHRI","smallest_airport"
"KIP","Kickapoo Downtown Airport","Wichita Falls","US","3385779953","-9849040222","KCWC","small_airport"
"RUA","Arua Airport","Arua","UG","3.049152","30.911714","HUAR","smallest_airport"
"MGU","Manaung Airport","Manaung","MM","18.8458","93.688904","VYMN","very_small_airport"
"MEK","Bassatine Airport","Meknes","MA","33.879101","-5.51512","GMFM","private_airport"
"YSF","Stony Rapids Airport","Stony Rapids","CA","59.25030136","-105.84100342","CYSF","smallest_airport"
"CHE","Tallinn Linnahall Heliport","Tallinn","EE","59.448015","24.753313","EECL","private_airport"
"OJI E","Gibraltar Airport","Gibraltar","GI","36.151199","-5.34966","LXGB","large_airport"
"SME","Lake Cumberland Regional Airport","Somerset","US","37.05339813","-84.61589813","KSME","smallest_airport"
"NLH","Ninglang Luguhu Airport","Ninglang","CN","275403","1007593","ZPNL","medium_airport"
"LFW","Lomé–Tokoin International Airport","Lomé","TG","6.16561C","1.25451Y","DXXX","medium_airport"
"VEV","Barakoma Airport","Barakoma","SB","-7.91277981","156.70599365","AGBA","smallest_airport"
"CHQ X","Angel Albino Corzo International Airport","Tuxtla Gutiérrez","MX","16.56360054","-93.02249908","MMTG","medium_airport"
"LDI","Lindi Airport","Lindi","TZ","-9.851005","39.75911","HTLI","smallest_airport"
"JFEXB","Magan Airport","Magan","RU","62.103484","129.545288","UEMM","medium_airport"
"PFR","Ilebo Airport","Ilebo","CD","-4.329919","20.590124","FZVS","smallest_airport"
"QJATY","Ontario International Airport","Ontario","US","34.056","-117.600998","KONT","large_airport"
"DEF","Dezful Airport","Dezful","IR","32.434399","48.397598","OIAD","smallest_airport"
"JHMEZ","Lake Nash Airport","Alpurrurulam","AU","-20.9807","137.9178","YLKN","small_airport"
"YSC","Sherbrooke Airport","Sherbrooke","CA","45.438599","-71.691399","CYSC","very_small_airport"
"LFO","Kelafo East Airport","Kelafo","ET","565700006","4434999847","HAKL","small_airport"
"IBDZS","Amgu Airport","Amgu","RU","45.84126","137.673568","UHTG","small_airport"
"OLU","Columbus Municipal Airport","Columbus","US","41.448145C","-97.340174Y","KOLU","medium_airport"
"MWX","Muan International Airport","Muan (Piseo-ri)","KR","34.991406C","126.382814Y","RKJB","large_airport"
"BLF","Mercer County Airport","Bluefield","US","37.295799","-81.207703","KBLF","private_airport"
"CGP","Shah Amanat International Airport","Chattogram (Chittagong)","BD","22.249599","91.813301","VGEG","very_small_airport"
"NGI","Ngau Airport","Ngau","FJ","-1811560059","17933999634","NFNG","small_airport"
"INZAN","Debre Tabor Airport","Debre Tabor","ET","11.884808","38.009241","HADT","small_airport"
"ZDJFF","Kato Airport","Kato","GY","4.64916","-59.832199","SYKT","small_airport"
"XIJ","Ahmed Al Jaber Air Base","Ahmed Al Jaber AB","KW","28.93479919","47.79190063","OKAJ","very_small_airport"
"FXGLO","Vatomandry Airport","Vatomandry","MG","-19.383333","48.95","FMMY","small_airport"
"ATXFK","Dawson Creek Airport","Dawson Creek","CA","55.741245","-120.183263","CYDQ","medium_airport"
"FGULN","London Stansted Airport","London","GB","51.884998","0.235","EGSS","large_airport"
"MZI","Mopti Ambodédjo International Airport","Sévaré","ML","14.5128","-4.07956","GAMB","smallest_airport"
"GRN","Gordon Municipal Airport","Gordon","US","42.80599976A","-102.17500305Z","KGRN","small_airport"
"BEGNZ","Beijing Capital International Airport","Beijing","CN","40.08010101","116.58499908","ZBAA","large_airport"
"CMAEP","Pond Inlet Airport","Pond Inlet","CA","72.689494","-77.968941","CYIO","small_airport"
"RGO","Orang (Chongjin) Airport","Hoemun-ri","KP","41.428538C","129.647555Z","ZKHM","medium_airport"
"BWC","Brawley Municipal Airport","Brawley","US","32.99290085","-115.5169983","KBWC","very_small_airport"
"ONB","Ononge Airport","Onange Mission","PG","-8.67436111","147.26241667","AYQQ","very_small_airport"
"HRRYE","Chhatrapati Shivaji International Airport","Mumbai","IN","19.08869934","72.86789703","VABB","large_airport"
"YCG","Castlegar/West Kootenay Regional Airport","Castlegar","CA","49.296398","-117.632004","CYCG","smallest_airport"
"MRZ","Moree Airport","Moree","AU","-2949889946","14984500122","YMOR","medium_airport"
"HRZ","Walter Bündchen Airport","Horizontina","BR","-27.6383","-54.3391","SSHZ","private_airport"
"JCB","Santa Terezinha Airport","Joaçaba","BR","-27171514","-51553327","SSJA","small_airport"
"PUK","Pukaruha Airport","Pukaruha","PF","-18.295726","-137.016291","NTGQ","smallest_airport"
"SYPIV","Indian Mountain LRRS Airport","Utopia Creek","US","65.992798","-153.703995","PAIM","medium_airport"
"MNC","Nacala Airport","Nacala","MZ","-14.4882A","40.7122X","FQNC","small_airport"
"BOTXQ","Owensboro Daviess County Airport","Owensboro","US","37.74010086","-87.16680145","KOWB","medium_airport"
"OLB","Olbia Costa Smeralda Airport","Olbia (SS)","IT","40.898701B","9.51763Y","LIEO","medium_airport"
"TQPAW","Olomouc Airport","Olomouc","CZ","49.587712","17.209275","LKOL","small_airport"
"DLZ","Dalanzadgad Airport","Dalanzadgad","MN","43.608628","104.367734","ZMDZ","private_airport"
"NAI","Annai Airport","Annai","GY","3.95944","-59.124199","SYAN","smallest_airport"
"GUZ","Guarapari Airport","Guarapari","BR","-206465","-40491901","SNGA","small_airport"
"ELP","El Paso International Airport","El Paso","US","31.807199","-106.377998","KELP","private_airport"
"SLN","Salina Municipal Airport","Salina","US","38.79100037","-97.65219879","KSLN","smallest_airport"
"I BFU","Albany International Airport","Albany","US","42.74829865","-73.80169678","KALB","medium_airport"
"ZW  D","Timbuktu Airport","Timbuktu","ML","16.730499","-3.00758","GATB","medium_airport"
"TKUQ ","Con Dao Airport","Con Dao","VN","8.73183","106.633003","VVCS","medium_airport"
"MVW","Skagit Regional Airport","Burlington","US","48.470901","-122.420998","KBVS","private_airport"
"JTI","Jataí Airport","Jataí","BR","-17.82990074","-51.77299881","SWJW","smallest_airport"
"YRJ","Roberval Airport","Roberval","CA","48519665","-72265735","CYRJ","medium_airport"
"WDG","Enid Woodring Regional Airport","Enid","US","36.37919998C","-97.79109955Z","KWDG","small_airport"
"KJ CE","Nemiscau Airport","Nemiscau","CA","51.691101","-76.135597","CYHH","small_airport"
"ATS","Artesia Municipal Airport","Artesia","US","32.85250092","-104.46800232","KATS","very_small_airport"
"MNS","Mansa Airport","Mansa","ZM","-11.137C","28.872601Z","FLMA","small_airport"
"YNH","Hudson's Hope Airport","Hudson's Hope","CA","56.035142","-121.978326","CYNH","private_airport"
"SVQ","Sevilla Airport","Sevilla","ES","37.417999B","-5.89311X","LEZL","medium_airport"
"LRRFU","João Batista Bos Filho Airport","Ijuí","BR","-28.368711","-53.846568","SSIJ","small_airport"
"VXK O","Provideniya Bay Airport","Chukotka","RU","64.37809753","-173.24299622","UHMD","medium_airport"
"BKJ","Boké Baralande Airport","Boké","GN","10.9658","-14.2811","GUOK","very_small_airport"
"JHG","Xishuangbanna Gasa International Airport","Jinghong (Gasa)","CN","21974648","100762224","ZPJH","medium_airport"
"ECVTD","Piedmont Triad International Airport","Greensboro","US","36.097801","-79.937302","KGSO","medium_airport"
"IAA","Igarka Airport","Igarka","RU","67437202","86621902","UOII","medium_airport"
"GFR","Granville Airport","Bréville-sur-Mer, Manche","FR","48.883099","-1.56417","LFRF","very_small_airport"
"YVV","Wiarton Airport","Wiarton","CA","44.7458","-81.107201","CYVV","very_small_airport"
"LKUMC","Massena International Airport Richards Field","Massena","US","44.936157","-74.844304","KMSS","medium_airport"
"MTR","Los Garzones Airport","Montería","CO","882374","-758258","SKMR","medium_airport"
"XYRCE","Ngari Gunsa Airport","Shiquanhe","CN","32.09794","80.053971","ZUAL","medium_airport"
"MGVPR","Thunder Bay Airport","Thunder Bay","CA","48.37189865","-89.32389832","CYQT","medium_airport"
"TUN","Tunis Carthage International Airport","Tunis","TN","36851002","102272","DTTA","large_airport"
"LLM","Lomlom Airport","Lomlom","SB","-10296828","166327322","AGLM","small_airport"
"REX","General Lucio Blanco International Airport","Reynosa","MX","26.0089","-98.2285","MMRX","private_airport"
"SHNGL","Harun Thohir Airport","Bawean","ID","-5.723628","112.678889","WARW","small_airport"
"BKMSD","Salavan Airport","Salavan","LA","15.709026","106.410937","VLSV","small_airport"
"KIR","Kerry Airport","Farranfore","IE","52.180901","-9.52378","EIKY","smallest_airport"
"JLZSC","Quthing Airport","Quthing","LS","-30.407499","27.6933","FXQG","small_airport"
"HCZ","Chenzhou Beihu Airport","Chenzhou","CN","25.753419","112.845404","ZGCZ","private_airport"
"LBALC","Squamish Airport","Squamish","CA","49.78170013","-123.16200256","CYSE","small_airport"
"PNC","Ponca City Regional Airport","Ponca City","US","36.73199844","-97.09980011","KPNC","very_small_airport"
"YPJ","Aupaluk Airport","Aupaluk","CA","59.2967","-69.599701","CYLA","private_airport"
"DLU","Dali Fengyi Airport","Dali (Xiaguan)","CN","25.649401","100.319","ZPDL","private_airport"
"VRA","Juan Gualberto Gomez International Airport","Matanzas","CU","23.034401","-81.435303","MUVR","smallest_airport"
"LAK","Aklavik/Freddie Carmichael Airport","Aklavik","CA","68.223297","-135.00599","CYKD","private_airport"
"DRY","Drysdale River Airport","Drysdale River","AU","-1571357","126381097","YDRD","small_airport"
"HNL","Daniel K Inouye International Airport","Honolulu, Oahu","US","21.32062A","-157.924228Y","PHNL","large_airport"
"YTE","Cape Dorset Airport","Kinngait","CA","64.230003C","-76.526703Y","CYTE","small_airport"
"BZE","Philip S. W. Goldson International Airport","Belize City","BZ","17.539951","-88.303556","MZBZ","very_small_airport"
"PMG","Ponta Porã Airport","Ponta Porã","BR","-22.549601C","-55.702599Z","SBPP","medium_airport"
"LSDXO","McChord Air Force Base","Tacoma","US","47.137699","-122.475998","KTCM","medium_airport"
" FVYW","Atka Airport","Atka","US","52.220299","-174.205994","PAAK","small_airport"
"TMS","São Tomé International Airport","São Tomé","ST","0.378175","6.71215","FPST","smallest_airport"
"XLS","Saint Louis Airport","Saint Louis","SN","16.049814","-16.461039","GOSS","very_small_airport"
"GYE","José Joaquín de Olmedo International Airport","Guayaquil","EC","-2.15742C","-79.883598X","SEGU","large_airport"
"CJA","Mayor General FAP Armando Revoredo Iglesias Airport","Cajamarca","PE","-7.13918A","-78.489403Y","SPJR","medium_airport"
"SKZFT","Maharana Pratap Airport","Udaipur","IN","24.61770058","73.89610291","VAUD","medium_airport"
"YHN","Hornepayne Municipal Airport","Hornepayne","CA","4919309998","-847589035","CYHN","medium_airport"
"SIJ","Siglufjörður Airport","Siglufjörður","IS","66.137847","-18.908157","BISI","very_small_airport"
"GZHRE","Balurghat Airport","Balurghat","IN","25.2617","88.795601","VEBG","small_airport"
"SFU","Safia Airport","Safia","PG","-959305556","14863611111","AYSF","small_airport"
"BFI","Boeing Field King County International Airport","Seattle","US","47.529999","-122.302002","KBFI","very_small_airport"
"QKINL","Suifenhe Dongning Airport","Suifenhe","CN","44.453889","130.843889","ZYSD","small_airport"
"JXNUG","Nanuque Airport","Nanuque","BR","-17.823158","-40.329662","SNNU","small_airport"
"VBMJU","Benina International Airport","Benina","LY","32.096802","20.269501","HLLB","medium_airport"
"VBY","Visby Airport","Visby","SE","57.66279984","18.34620094","ESSV","private_airport"
"PUX","El Mirador Airport","Puerto Varas","CL","-41.3494","-72.946701","SCPV","private_airport"
"OBL","Oostmalle Airfield","Zoersel","BE","51.269092","4.762428","EBZR","very_small_airport"
"HPG","Shennongjia Hongping Airport","Shennongjia (Hongping)","CN","31.626C","110.34X","ZHSN","medium_airport"
"ARTSD","Scholes International At Galveston Airport","Galveston","US","29.265301","-94.860397","KGLS","medium_airport"
"ODA","Ouadda Airport","Ouadda","CF","801056004","2239859962","FEFW","small_airport"
"TRRXO","El Palomar Airport","El Palomar","AR","-34.6099","-58.6126","SADP","medium_airport"
"RTG","Frans Sales Lega Airport","Satar Tacik, Manggarai","ID","-8.596171","120.478177","WATG","smallest_airport"
"GDEDU","Milford Municipal-Ben and Judy Briscoe Field","Milford","US","38.426601","-113.012001","KMLF","small_airport"
"TWU","Tawau Airport","Tawau","MY","4.31338","118.12152","WBKW","smallest_airport"
"GXY","Greeley–Weld County Airport","Greeley","US","40.43740082","-104.63300324","KGXY","private_airport"
"SCM","Scammon Bay Airport","Scammon Bay","US","61.84471C","-165.575209Z","PACM","small_airport"
"CZU","Las Brujas Airport","Corozal","CO","9.33274","-75.2856","SKCZ","smallest_airport"
"BFF","Western Neb. Rgnl/William B. Heilig Airport","Scottsbluff","US","41.87400055","-103.5960007","KBFF","smallest_airport"
"FEEHM","Juba International Airport","Juba","SS","4.87201","31.601101","HJJJ","large_airport"
"TAF","Oran Tafraoui Airport","Tafraoui","DZ","35.5424","-0.532278","DAOL","private_airport"
"TES","Tessenei Airport","Tessenei","ER","15.104322C","36.681711X","HHTS","small_airport"
"CGE","Cambridge Dorchester Airport","Cambridge","US","3853929901","-7603040314","KCGE","small_airport"
"RDP","Kazi Nazrul Islam Airport","Durgapur","IN","23.6225A","87.243Z","VEDG","medium_airport"
"MY WD","New Ulm Municipal Airport","New Ulm","US","44.31959915","-94.50229645","KULM","small_airport"
"YNRF ","Pullman-Moscow Regional Airport","Pullman","US","46.741601","-117.11163","KPUW","medium_airport"
"BYDJO","Vancouver International Airport","Vancouver","CA","49.19390106","-123.18399811","CYVR","large_airport"
"UVIND","Lt Warren Eaton Airport","Norwich","US","42.5666008","-75.52410126","KOIC","small_airport"
"SLPEQ","Merluna Airport","Merluna","AU","-13.0649","142.4536","YMEU","small_airport"
"SJN","St Johns Industrial Air Park","St Johns","US","34.51860046","-109.3789978","KSJN","very_small_airport"
"ESD","Orcas Island Airport","Eastsound","US","48708199","-122910004","KORS","medium_airport"
"TJL","Plínio Alarcom Airport","Três Lagoas","BR","-20.752643","-51.682026","SBTG","smallest_airport"
"LD  G","Green River Airport","Green River","PG","-3.9022429","141.17051697","AYGV","small_airport"
"GFK","Grand Forks International Airport","Grand Forks","US","47.949299B","-97.176102Z","KGFK","medium_airport"
"ORA","Orán Airport","Orán","AR","-23.1528","-64.329201","SASO","very_small_airport"
"EKS","Shakhtyorsk Airport","Shakhtyorsk","RU","49.1903","142.082993","UHSK","smallest_airport"
"CFRHI","Ixtapa-Zihuatanejo International Airport","Ixtapa","MX","17.601771","-101.460629","MMZH","medium_airport"
"RZRWH","Mouyondzi Airport","Mouyondzi","CG","-4.014874","13.966112","FCBM","small_airport"
" PAI ","Salt Lake City International Airport","Salt Lake City","US","40.78886","-111.979866","KSLC","large_airport"
"SIV","Sullivan County Airport","Sullivan","US","391147","-87448303","KSIV","small_airport"
"CSKDX","Poços de Caldas - Embaixador Walther Moreira Salles Airport","Poços De Caldas","BR","-21.842529","-46.569768","SBPC","medium_airport"
"SGR","Sugar Land Regional Airport","Houston","US","2962229919","-9565650177","KSGR","medium_airport"
"BTA","Bertoua Airport","Bertoua","CM","4.54861","13.7261","FKKO","smallest_airport"
"LBA","Leeds Bradford Airport","Leeds, West Yorkshire","GB","53.865898A","-1.66057Z","EGNM","medium_airport"
"LFC R","Zalingei Airport","Zalingei","SD","12.9437","23.5631","HSZA","small_airport"
"BUZ","Bushehr Airport","Bushehr","IR","28.94479942","50.83459854","OIBB","private_airport"
"OTESH","Cibeureum Airport","Tasikmalaya-Java Island","ID","-7.3466","108.246002","WICM","small_airport"
"EIS","Terrance B. Lettsome International Airport","Beef Island","VG","18.445492","-64.541707","TUPJ","very_small_airport"
"KAX","Kalbarri Airport","Kalbarri","AU","-27.692813C","114.259169X","YKBR","small_airport"
"ARY","Ararat Airport","Ararat","AU","-37.309978A","142.988688Y","YARA","medium_airport"
"Q VZF","Dr. Antonio Agostinho Neto International Airport","Luanda (Ícolo e Bengo)","AO","-9.050734","13.499078","FNBJ","medium_airport"
"ALETJ","Playa Baracoa Airport","Havana","CU","23.032801","-82.579399","MUPB","medium_airport"
"THBRA","Berlin Regional Airport","Berlin","US","44.57540131","-71.17590332","KBML","small_airport"
"YEKHQ","Triangle North Executive Airport","Louisburg","US","36.0233","-78.330299","KLHZ","small_airport"
"SJI","San Jose Airport","San Jose","PH","1236149979","12104699707","RPUH","medium_airport"
"YNY","Yangyang International Airport","Gonghang-ro","KR","38061298","128669006","RKNY","medium_airport"
"YMT","Chapais Airport","Chibougamau","CA","49.77190018","-74.52809906","CYMT","very_small_airport"
"TGD","Podgorica Airport / Podgorica Golubovci Airbase","Podgorica","ME","42.359402","19.2519","LYPG","very_small_airport"
"DU GL","Pattimura International Airport","Ambon","ID","-3.71026","128.089005","WAPP","medium_airport"
"CZF","Cape Romanzof LRRS Airport","Cape Romanzof","US","6178030014","-1660390015","PACZ","medium_airport"
"LFFTC","Batna Mostefa Ben Boulaid Airport","Batna","DZ","35.752102","6.30859","DABT","medium_airport"
"DYU","Dushanbe International Airport","Dushanbe","TJ","38.543746B","68.822977Z","UTDD","medium_airport"
"RIL","Garfield County Regional Airport","Rifle","US","39.526299C","-107.726997X","KRIL","medium_airport"
"XNA","Northwest Arkansas National Airport","Fayetteville/Springdale/Rogers","US","36281898","-94306801","KXNA","medium_airport"
"TAQOS","Kunduz Airport","Kunduz","AF","36.6651","68.910797","OAUZ","medium_airport"
"YUM","Yuma International Airport / Marine Corps Air Station Yuma","Yuma","US","32650938","-114609375","KNYL","medium_airport"
"CDR","Chadron Municipal Airport","Chadron","US","42.837601","-103.095001","KCDR","smallest_airport"
"OGX","Ain Beida Airport","Ouargla","DZ","31.9172","5.41278","DAUU","private_airport"
"FLD","Fond du Lac County Airport","Fond du Lac","US","43.77119827","-88.48840332","KFLD","private_airport"
"OLKKG","Ouani Airport","Ouani","KM","-12.131047","44.430044","FMCV","medium_airport"
"SZE","Semera Airport","Semera","ET","11.7875A","40.9915Y","HASM","small_airport"
"BUN","Gerardo Tobar López Airport","Buenaventura","CO","3.81963","-76.9898","SKBU","very_small_airport"
"LCL","La Coloma Airport","Pinar del Rio","CU","223361","-83641899","MULM","medium_airport"
"HTY","Hatay Airport","Antakya","TR","36.362778","36.282223","LTDA","private_airport"
"BXE","Bakel Airport","Bakel","SN","14.84729958","-12.46829987","GOTB","very_small_airport"
"HEH","Heho Airport","Kalaw Township","MM","20.74714","96.792029","VYHH","private_airport"
"GOE","Gonaili Airport","Gonaili","PG","-552771661","1515733333","AYGL","small_airport"
"SCE","State College Regional Airport","State College","US","40.849374B","-77.84852X","KUNV","medium_airport"
"RUI","Sierra Blanca Regional Airport","Alto","US","33.462799","-105.535004","KSRR","smallest_airport"
"ITA","Itacoatiara Airport","Itacoatiara","BR","-3.126539","-58.481668","SBIC","smallest_airport"
"AQP","Rodríguez Ballón International Airport","Arequipa","PE","-16.34110069","-71.58309937","SPQU","very_small_airport"
"RRK","Rourkela Airport","Rourkela","IN","22256571","84815193","VERK","medium_airport"
"YMJ","Moose Jaw Air Vice Marshal C. M. McEwen Airport","Moose Jaw","CA","5033029938","-10555899811","CYMJ","medium_airport"
"SPM","Spangdahlem Air Base","Trier","DE","49976507","6698413","ETAD","medium_airport"
" TLQJ","Baker City Municipal Airport","Baker City","US","44.83729935","-117.80899811","KBKE","medium_airport"
"SWP","Swakopmund Municipal Aerodrome","Swakopmund","NA","-22.6619","14.5681","FYSM","smallest_airport"
"LKL","Lakselv Airport, Banak","Lakselv","NO","70.068802","24.973499","ENNA","very_small_airport"
"HNN","Honinabi Airport","Honinabi","PG","-6.2457C","142.1771X","AYHH","small_airport"
"MUSKV","Tamale Airport","Tamale","GH","9.55718994","-0.86321402","DGLE","medium_airport"
"YIE","Arxan Yi'ershi Airport","Arxan","CN","47.3106","119.9117","ZBES","very_small_airport"
"CGS","College Park Airport","College Park","US","3898059845","-7692230225","KCGS","small_airport"
"HRI","Mattala Rajapaksa International Airport","Mattala","LK","6.284467","81.124128","VCRI","very_small_airport"
"FRE","Fera/Maringe Airport","Fera Island","SB","-8.1075","159.576996","AGGF","private_airport"
"LSN","Los Banos Municipal Airport","Los Banos","US","37.06290054","-120.8690033","KLSN","private_airport"
"APG","Phillips Army Air Field","Aberdeen","US","39466202","-761688","KAPG","medium_airport"
"NYO","Stockholm Skavsta Airport","Nyköping","SE","58788601","16912201","ESKN","medium_airport"
"ACE","César Manrique-Lanzarote Airport","San Bartolomé","ES","28.945499","-13.6052","GCRR","private_airport"
"MCW","Mason City Municipal Airport","Mason City","US","43159801","-93329716","KMCW","medium_airport"
"APVOA","Windarling Airport","Windarling Mine","AU","-30.032277","119.386489","YWDG","small_airport"
"CLM","William R Fairchild International Airport","Port Angeles","US","48.120201A","-123.5X","KCLM","medium_airport"
"LEPFV","Olyokminsk Airport","Olyokminsk","RU","60.401833","120.476094","UEMO","medium_airport"
"OCV","Aguas Claras Airport","Ocaña","CO","8.31506","-73.3583","SKOC","very_small_airport"
"THA","Tullahoma Regional Airport William Northern Field","Tullahoma","US","35.3801B","-86.246399Y","KTHA","small_airport"
"PGH","Pantnagar Airport","Pantnagar","IN","29.0334","79.473701","VIPT","very_small_airport"
"ENB","Eneabba Airport","Eneabba","AU","-29.83250046","115.2460022","YEEB","private_airport"
"BSX","Pathein Airport","Pathein","MM","16.815201","94.7799","VYPN","private_airport"
"KUM","Yakushima Airport","Yakushima","JP","30385599","130658997","RJFC","medium_airport"
"ZLO","Playa de Oro International Airport","Manzanillo","MX","19.1448","-104.558998","MMZO","smallest_airport"
"LHW","Lanzhou Zhongchuan International Airport","Lanzhou (Yongdeng)","CN","36.515202B","103.620003Y","ZLLL","large_airport"
"HHE","JMSDF Hachinohe Air Base / Hachinohe Airport","Hachinohe","JP","40551181","141465428","RJSH","medium_airport"
"GHF","Giebelstadt Airport","Giebelstadt","DE","49.64805603","9.9663887","EDQG","private_airport"
"PJXFZ","Bonito Airport","Bonito","BR","-21.2473","-56.452399","SBDB","small_airport"
"ASK","Yamoussoukro Airport","Yamoussoukro","CI","690317011","-536558008","DIYO","medium_airport"
"P  HW","Kithira Airport","Kithira Island","GR","36.273978","23.016719","LGKC","small_airport"
"MDX","Mercedes Airport","Mercedes","AR","-29.221399C","-58.087799Y","SATM","small_airport"
"TYN","Taiyuan Wusu International Airport","Taiyuan","CN","37.746899","112.627998","ZBYN","very_small_airport"
"HPN","Westchester County Airport","White Plains","US","4106700134","-7370760345","KHPN","medium_airport"
"HKN","Hoskins Airport","Kimbe","PG","-5.463846","150.407327","AYHK","very_small_airport"
"LPM","Lamap Airport","Lamap","VU","-16.4611228A","167.829253Z","NVSL","small_airport"
"FEB","Sanfebagar Airport","Sanfebagar","NP","29236629","81215317","VNSR","small_airport"
"ASB","Ashgabat International Airport","Ashgabat","TM","37.986801","58.361","UTAA","private_airport"
"KEN","Kenema Airport","Kenema","SL","7.896364B","-11.174126X","GFKE","medium_airport"
"PZB","Pietermaritzburg Airport","Pietermaritzburg","ZA","-29.64900017","30.39870071","FAPM","very_small_airport"
"RUV","Rubelsanto Airport","Rubelsanto","GT","15992","-90445297","MGRB","medium_airport"
"ABS","Abu Simbel Airport","Abu Simbel","EG","22.367657","31.609962","HEBL","private_airport"
"GUYDA","Songwe Airport","Mbeya","TZ","-8.919942","33.273981","HTGW","medium_airport"
"PZL","Zulu Inyala Airport","Phinda","ZA","-27.84939957B","32.30970001Z","FADQ","small_airport"
"VPZ","Porter County Municipal Airport","Valparaiso","US","4145399857","-8700710297","KVPZ","medium_airport"
"MPG","Makini Airport","Makini","PG","-6.53222222B","147.65116667X","AYMJ","small_airport"
"UVYPC","Fair Isle Airport","Fair Isle","GB","59.534721","-1.628509","EGEF","small_airport"
"MJD","Moenjodaro Airport","Moenjodaro","PK","27.335199","68.143097","OPMJ","private_airport"
"GDGDX","Fort Yukon Airport","Fort Yukon","US","66.571651","-145.249987","PFYU","medium_airport"
"RID","Richmond Municipal Airport","Richmond","US","39.757198","-84.842796","KRID","smallest_airport"
"RAK","Menara Airport","Marrakech","MA","31.606899","-8.0363","GMMX","smallest_airport"
"PCB","Pondok Cabe Air Base","Jakarta","ID","-6.33695984","106.76499939","WIHP","very_small_airport"
"IXZ","Veer Savarkar International Airport / INS Utkrosh","Port Blair","IN","11.641208A","92.729643Z","VOPB","medium_airport"
"UTM","Tunica Municipal Airport","Tunica","US","34.68505","-90.347757","KUTA","very_small_airport"
"MHQ","Mariehamn Airport","Mariehamn","FI","60.1222","19.898199","EFMA","private_airport"
"PNJET","Hengyang Nanyue Airport","Hengyang","CN","26.72208","112.617958","ZGHY","small_airport"
"AVA","Anshun Huangguoshu Airport","Anshun (Xixiu)","CN","26260556","105873333","ZUAS","medium_airport"
"LWL","Wells Municipal Airport/Harriet Field","Wells","US","4111709976","-11492199707","KLWL","small_airport"
"ZFM","Fort Mcpherson Airport","Fort Mcpherson","CA","67.406993C","-134.860182X","CZFM","small_airport"
"WSA","Wasua Airport","Wasua","PG","-8.2836","142.8697","AYIW","private_airport"
"MRJQM","Carnot Airport","Carnot","CF","4.9369998","15.89400005","FEFC","small_airport"
"MBJ","Sangster International Airport","Montego Bay","JM","185037","-77913399","MKJS","medium_airport"
"ET WU","Lanai Airport","Lanai City","US","20.785675","-156.951324","PHNY","medium_airport"
"PZU","Port Sudan New International Airport","Port Sudan","SD","19.43359947B","37.23410034X","HSPN","medium_airport"
"PDG","Minangkabau International Airport","Padang (Katapiang)","ID","-0.786917","100.280998","WIEE","very_small_airport"
"HZWTV","Mário Pereira Lopes–São Carlos International Airport","São Carlos","BR","-21.875032","-47.903851","SDSC","small_airport"
"YUX","Hall Beach Airport","Sanirajak","CA","68.7761","-81.2425","CYUX","very_small_airport"
"VLY","Anglesey Airport","Angelsey","GB","532481","-453534","EGOV","medium_airport"
"ILMSX","La Laguna Airport","Guanaja","HN","16.4454","-85.906601","MHNJ","medium_airport"
"HIE","Mount Washington Regional Airport","Whitefield","US","4436752","-71545765","KHIE","small_airport"
"TTD","Portland Troutdale Airport","Portland","US","45.54940033C","-122.40100098Y","KTTD","medium_airport"
"BYK","Bouaké Airport","Bouaké","CI","77388","-507367","DIBK","medium_airport"
"MDGTH","Marina Municipal Airport","Marina","US","36.68190002","-121.762001","KOAR","small_airport"
"LBW","Yuvai Semaring Airport","Long Bawan","ID","3.900495B","115.690089Z","WAQJ","small_airport"
"NCR","San Carlos Airport","San Carlos","NI","11.13556","-84.768727","MNSC","very_small_airport"
"MA UZ","Parintins Airport","Parintins","BR","-2.673521","-56.777625","SWPI","small_airport"
"BNT","Bundi Airport","Bundi","PG","-5.74222222","145.2275","AYDI","very_small_airport"
"CKT","Sarakhs Airport","Sarakhs","IR","36501202","61064899","OIMC","medium_airport"
"JSCHB","Long Beach Airport (Daugherty Field)","Long Beach","US","33.816523","-118.149891","KLGB","medium_airport"
"BXUSK","Tamworth Airport","Tamworth","AU","-31.077898","150.845484","YSTW","medium_airport"
"UGAIB","Mont-Tremblant International Airport","La Macaza","CA","46.409401","-74.779999","CYFJ","medium_airport"
"PKA","Napaskiak Airport","Napaskiak","US","60.7029","-161.778","PAPK","smallest_airport"
"CZWYK","Heriberto Gíl Martínez Airport","Tuluá","CO","4.08836","-76.2351","SKUL","medium_airport"
"LNG","Lese Airport","Lese","PG","-8.2799","146.2765","AYLS","very_small_airport"
"TDS","Sasereme Airport","Sasereme","PG","-7.6217C","142.868X","AYSS","small_airport"
"PNR","Antonio Agostinho-Neto International Airport","Pointe Noire","CG","-4.81603B","11.8866Z","FCPP","medium_airport"
"UPN","Uruapan - Licenciado y General Ignacio Lopez Rayon International Airport","Uruapan","MX","19.3967","-102.039001","MMPN","very_small_airport"
"HBE","Borj El Arab International Airport","Alexandria","EG","3093249","29696437","HEBA","medium_airport"
"AFY","Afyon Air Base","Afyonkarahisar","TR","38726398","30601101","LTAH","medium_airport"
"XRY","Jerez Airport","Jerez de la Frontera","ES","36.744598","-6.06011","LEJR","smallest_airport"
"BHR","Bharatpur Airport","Bharatpur","NP","27.678101","84.429398","VNBP","smallest_airport"
"B LWE","Yibin Wuliangye Airport","Yibin (Cuiping)","CN","28.858431","104.526157","ZUYB","medium_airport"
"FDK","Frederick Municipal Airport","Frederick","US","39.41759872","-77.3742981","KFDK","private_airport"
"KOQ","Köthen Airport","Köthen (Anhalt)","DE","51.723745A","11.948826Y","EDCK","small_airport"
"DAWJD","Xingcheng Air Base","Huludao (Xingcheng)","CN","40.580328","120.700374","ZYXC","medium_airport"
"GHT","Ghat Airport","Ghat","LY","2514559937","1014260006","HLGT","medium_airport"
" MHTN","Salton Sea Airport","Salton City","US","33.24140167","-115.95200348","KSAS","small_airport"
"KNWZD","Goloson International Airport","La Ceiba","HN","15.7425","-86.852997","MHLC","medium_airport"
"FXTXP","Newman Airport","Newman","AU","-23.4178009","119.8030014","YNWN","medium_airport"
"PIV","Pirapora Airport","Pirapora","BR","-17.31690025","-44.86029816","SNPX","very_small_airport"
"DOO","Dorobisoro Airport","Dorobisoro","PG","-9.461855","147.920907","AYDR","private_airport"
"AMD","Sardar Vallabh Bhai Patel International Airport","Ahmedabad","IN","23.0772A","72.634697Y","VAAH","medium_airport"
"CKN","Crookston Municipal Kirkwood Field","Crookston","US","47.84170151B","-96.62159729Y","KCKN","small_airport"
"TDP","Trompeteros Airport","Corrientes","PE","-3.80601","-75.039299","SPDR","private_airport"
"VRL","Vila Real Airport","Vila Real","PT","41.2743B","-7.72047X","LPVR","medium_airport"
"BMW","Bordj Badji Mokhtar Airport","Bordj Badji Mokhtar","DZ","21.3778A","0.92698Y","DATM","small_airport"
"CEZ","Cortez Municipal Airport","Cortez","US","37.303001A","-108.627998Y","KCEZ","medium_airport"
"RVN","Rovaniemi Airport","Rovaniemi","FI","66.56479645","25.83040047","EFRO","private_airport"
"USKSS","Wilwal International Airport","Jijiga","ET","9.3325","42.9121","HAJJ","medium_airport"
"IDKTE","Hughes Airport","Hughes","US","66.04109955","-154.2630005","PAHU","small_airport"
"GRE","Greenville Airport","Greenville","US","38836844","-89376525","KGRE","small_airport"
"OPNVM","Manohar International Airport","Mopa","IN","15.744257","73.860625","VOGA","large_airport"
"YHM","John C. Munro Hamilton International Airport","Hamilton","CA","43.17359924","-79.93499756","CYHM","smallest_airport"
"CWB","Afonso Pena Airport","Curitiba","BR","-25.5285","-49.1758","SBCT","private_airport"
"PRI","Praslin Island Airport","Praslin Island","SC","-4.319256","55.691561","FSPP","smallest_airport"
"MQF","Magnitogorsk International Airport","Magnitogorsk","RU","53.39310074","58.75569916","USCM","private_airport"
"PBD","Porbandar Airport","Porbandar","IN","21.649524","69.656405","VAPR","private_airport"
"LIA","Liangping Airport","Liangping","CN","30.679399A","107.786003Y","ZULP","small_airport"
"HSB","Harrisburg-Raleigh Airport","Harrisburg","US","37.811298B","-88.550301Y","KHSB","small_airport"
"MNB","Muanda Airport","Muanda","CD","-5.930637","12.351334","FZAG","private_airport"
"TOW","Toledo - Luiz Dalcanale Filho Municipal Airport","Toledo","BR","-24.6863A","-53.697498X","SBTD","small_airport"
"VOPJH","Montreal / Pierre Elliott Trudeau International Airport","Montréal","CA","45.467837","-73.742294","CYUL","large_airport"
"RFR","Rio Frio / Progreso Airport","Rio Frio / Progreso","CR","10.32740021","-83.88760376","MRRF","very_small_airport"
"FAM","Farmington Regional Airport","Farmington","US","37761101","-90428597","KFAM","small_airport"
"CRE","Grand Strand Airport","North Myrtle Beach","US","3381169891","-7872389984","KCRE","medium_airport"
"AQA","Araraquara Airport","Araraquara","BR","-21.812C","-48.132999Z","SBAQ","medium_airport"
"CHUKV","Ipota Airport","Ipota","VU","-18.856389","169.283333","NVVI","small_airport"
"QVOLA","Kodiak Municipal Airport","Kodiak","US","57.806151","-152.373693","PAKD","small_airport"
"CBJ","Cabo Rojo Airport","Cabo Rojo","DO","17.92900085","-71.64479828","MDCR","private_airport"
"PRP","Propriano Airport","Propriano","FR","41.660599B","8.88975Z","LFKO","small_airport"
"ADZ","Gustavo Rojas Pinilla International Airport","San Andrés","CO","12.5836","-81.7112","SKSP","very_small_airport"
"ESE","Ensenada International Airport / El Ciprés Air Base","Ensenada","MX","31795175","-11660265","MMES","small_airport"
"NUS","Norsup Airport","Norsup","VU","-160797","167401001","NVSP","small_airport"
"YWB","Kangiqsujuaq (Wakeham Bay) Airport","Kangiqsujuaq","CA","615886","-71929398","CYKG","small_airport"
"TKF","Truckee Tahoe Airport","Truckee","US","39.318628","-120.140562","KTRK","smallest_airport"
"ACZMK","Hickory Regional Airport","Hickory","US","35.74110031","-81.38950348","KHKY","medium_airport"
"RIS","Rishiri Airport","Rishiri","JP","45.24200058B","141.18600464X","RJER","medium_airport"
"KAD","Kaduna Airport","Kaduna","NG","106960001","732010984","DNKA","medium_airport"
"UNUIM","Canberra Airport","Canberra","AU","-35.3069","149.195007","YSCB","medium_airport"
"BJY","Batajnica Air Base","Zemun","RS","44.935299","20.2575","LYBT","smallest_airport"
"NRM","Nara Airport","Nara","ML","15.22913","-7.261965","GANK","very_small_airport"
"SXR","Sheikh ul Alam International Airport","Srinagar","IN","33987099","747742","VISR","medium_airport"
"TRI","Tri-Cities Regional TN/VA Airport","Blountville","US","36.475201","-82.407401","KTRI","smallest_airport"
"BLY","Belmullet Aerodrome","Belmullet","IE","5422280121","-1003079987","EIBT","small_airport"
"JFTWV","Lorient South Brittany (Bretagne Sud) Airport","Lorient/Lann/Bihoué","FR","47.760601","-3.44","LFRH","medium_airport"
"CAF","Carauari Airport","Carauari","BR","-4.871473B","-66.897552Y","SWCA","small_airport"
"LGU","Logan-Cache Airport","Logan","US","41.79119873","-111.85199738","KLGU","private_airport"
"WVB","Walvis Bay Airport","Rooikop","NA","-22.979332B","14.647102X","FYWB","medium_airport"
"NIX","Nioro du Sahel Airport","Nioro du Sahel","ML","15.2381B","-9.57611Z","GANR","small_airport"
"HAY","Hacaritama Airport","Aguachica","CO","8.247","-73.5814","SKAG","private_airport"
"PCO","Punta Colorada Airport","La Ribera","MX","23.575011","-109.535826","MMPL","very_small_airport"
"LBI","Albi Le Sequestre airport","Albi","FR","43.913898","2.11306","LFCI","private_airport"
"TBE","Timbunke Airport","Timbunke","PG","-4.196633A","143.519222Y","AYTV","small_airport"
"BSU","Basankusu Airport","Basankusu","CD","1.224789","19.788097","FZEN","smallest_airport"
"PAU","Pauk Airport","Pauk","MM","214492","944869","VYPK","small_airport"
"IGLYA","Tunoshna Airport","Tunoshna","RU","57.560699","40.157398","UUDL","small_airport"
"KGS","Kos Airport","Kos Island","GR","36.794523","27.09115","LGKO","private_airport"
"CYNZG","Dijon Longvic airport","Dijon","FR","47.268902","5.09","LFSD","medium_airport"
"CPT","Cape Town International Airport","Cape Town","ZA","-33.96480179","18.60169983","FACT","smallest_airport"
"PPC","Prospect Creek Airport","Prospect Creek","US","66.81410217","-150.64399719","PAPR","very_small_airport"
"ZE  T","Guyuan Liupanshan Airport","Guyuan (Yuanzhou)","CN","36.078889","106.216944","ZLGY","medium_airport"
"ESL","Elista Airport","Elista","RU","46.37390137B","44.33089828X","URWI","medium_airport"
"LZO","Luzhou Yunlong Airport","Luzhou (Yunlong)","CN","29.030357","105.468407","ZULZ","private_airport"
"YZAYP","Warri Airport","Okpe","NG","5.59821","5.8187","DNSU","medium_airport"
"UMSOL","Lieutenant Colonel Luis A. Mantilla International Airport","Tulcán","EC","0.809506","-77.708099","SETU","medium_airport"
"LRBJR","Watsonville Municipal Airport","Watsonville","US","36.93569946","-121.79000092","KWVI","small_airport"
"VQCOO","Enterprise Municipal Airport","Enterprise","US","31.29969978","-85.89990234","KEDN","small_airport"
"XWELB","Attopeu Airport","Attopeu","LA","14.793056","107.045278","VLAP","small_airport"
"MNK","Maiana Airport","Maiana","KI","1.00361C","173.031006Y","NGMA","small_airport"
"BHS","Bathurst Airport","Bathurst","AU","-33406817","149651161","YBTH","medium_airport"
"VDE","El Hierro Airport","El Hierro Island","ES","27.8148A","-17.8871X","GCHI","medium_airport"
"GDL","Guadalajara International Airport","Guadalajara","MX","20.523342B","-103.310108Z","MMGL","large_airport"
"FAPTV","Woodbourne Airport","Blenheim","NZ","-41.5182991","173.86999512","NZWB","medium_airport"
"VLG","Villa Gesell Airport","Villa Gesell","AR","-37.2354C","-57.0292X","SAZV","medium_airport"
"HJKZE","Anqing Tianzhushan Airport / Anqing North Air Base","Anqing","CN","30.582199","117.050003","ZSAQ","medium_airport"
"ONNHF","Bicol International Airport","Legazpi","PH","13.111915","123.676829","RPLK","medium_airport"
"TSW","Tsewi Airport","Tsewi","PG","-70695","1461272","AYTS","small_airport"
"OGN","Yonaguni Airport","Yonaguni","JP","24.467298","122.979827","ROYN","smallest_airport"
"FZWGU","Liuzhou Bailian Airport / Bailian Air Base","Liuzhou (Liujiang)","CN","24.2075","109.390999","ZGZH","medium_airport"
"VIG","Juan Pablo Pérez Alfonso Airport","El Vigía","VE","8.624139","-71.672668","SVVG","very_small_airport"
"OHS","Sohar Airport","Sohar","OM","24.38604A","56.62541X","OOSH","small_airport"
"CFGTV","Dayton-Wright Brothers Airport","Dayton","US","39.5890007","-84.22489929","KMGY","small_airport"
"LSOTB","Yuanmou Air Base","Chuxiong (Yuanmou)","CN","25.737499","101.882004","ZPYM","medium_airport"
"GEA","Nouméa Magenta Airport","Nouméa","NC","-2225812","166472783","NWWM","medium_airport"
"SHJ","Sharjah International Airport","Sharjah","AE","25.3286B","55.5172Y","OMSJ","large_airport"
"CJU","Jeju International Airport","Jeju City","KR","33512058","126492548","RKPC","large_airport"
"FPHPC","Chanute Martin Johnson Airport","Chanute","US","37.668173","-95.486727","KCNU","medium_airport"
"ULY","Ulyanovsk East Airport","Cherdakly","RU","54.401001","48.8027","UWLW","private_airport"
"RDG","Reading Regional Airport (Carl A Spaatz Field)","Reading","US","40.378502","-75.965202","KRDG","smallest_airport"
"RBB","Borba Airport","Borba","BR","-4.40634","-59.602402","SWBR","private_airport"
"COGKZ","Seosan Air Base","Seosan","KR","36.703999","126.486","RKTP","small_airport"
"SNA","John Wayne Orange County International Airport","Santa Ana","US","33.675701","-117.867996","KSNA","smallest_airport"
"BDM","Bandırma Airport","Bandırma","TR","40.318001","27.977699","LTBG","very_small_airport"
"DUS","Düsseldorf Airport","Düsseldorf","DE","51.289501","6.76678","EDDL","smallest_airport"
"FOE","Topeka Regional Airport","Topeka","US","38950901","-95663597","KFOE","medium_airport"
"CUYTW","Araguaína Airport","Araguaína","BR","-7.22787","-48.240501","SWGN","medium_airport"
" ZOSN","Sapporo Okadama Airport","Sapporo","JP","43.117447","141.38134","RJCO","medium_airport"
"EQIVB","Khark Airport","Khark","IR","29.260503","50.322193","OIBQ","medium_airport"
"KNW","New Stuyahok Airport","New Stuyahok","US","59.451838","-157.373829","PANW","smallest_airport"
"FSUQD","Keperveem Airport","Keperveem","RU","67.845001","166.139999","UHMK","medium_airport"
"IQT","Coronel FAP Francisco Secada Vignetta International Airport","Iquitos","PE","-3.78474","-73.3088","SPQT","very_small_airport"
"XYA","Yandina Airport","Yandina","SB","-9092816","15921841","AGGY","small_airport"
"WBA","Wahai Airport","Wahai","ID","-2.8114B","129.484Y","WAPV","small_airport"
"IEV","Ihor Sikorsky Kyiv International Airport (Zhuliany)","Kyiv","UA","50.40194","30.45194","UKKK","very_small_airport"
"DRHNW","Maio Airport","Vila do Maio","CV","15.1559","-23.21369934","GVMA","medium_airport"
"LSP","Josefa Camejo International Airport","Paraguaná","VE","11.780775C","-70.151497Y","SVJC","medium_airport"
"GJR","Gjögur Airport","Gjögur","IS","65.9953","-21.3269","BIGJ","private_airport"
"OKSTO","Los Perales Airport","Bahía de Caraquez","EC","-0.608111","-80.402702","SESV","small_airport"
"BJH","Bajhang Airport","Bajhang","NP","29.539B","81.185402Z","VNBG","small_airport"
"BVI F","Carimagua Airport","Puerto López","CO","4.56417","-71.3364","SKCI","small_airport"
"XFFBR","Hefei Xinqiao International Airport","Hefei","CN","31.98779","116.9769","ZSOF","medium_airport"
"HOIOB","Adelaide International Airport","Adelaide","AU","-34.947512","138.533393","YPAD","large_airport"
"ASC","Ascención de Guarayos Airport","Ascensión de Guarayos","BO","-15933365","-63155575","SLAS","small_airport"
"KPI","Kapit Airport","Kapit","MY","2.01052375","112.93146825","WBGP","very_small_airport"
"JNZ","Jinzhou Bay Airport","Jinzhou (Linghai)","CN","40936032","121277114","ZYJZ","medium_airport"
"RYQCN","Londolovit Airport","Londolovit","PG","-3.0436101","152.6289978","AYKY","small_airport"
"TAX","Taliabu Island Airport","Tikong-Taliabu Island","ID","-1.64262998","124.55899811","WAPT","private_airport"
" DAAX","Dobbins Air Reserve Base","Marietta","US","33.915401","-84.516296","KMGE","medium_airport"
"FRR","Front Royal Warren County Airport","Front Royal","US","38.9175","-78.253502","KFRR","very_small_airport"
"MDN","Madison Municipal Airport","Madison","US","3875889969","-8546549988","KIMS","small_airport"
"ORF","Norfolk International Airport","Norfolk","US","36895341","-76201","KORF","large_airport"
"KEV","Halli Airport","Jämsä","FI","61.856039","24.786686","EFHA","smallest_airport"
"FPO","Grand Bahama International Airport","Freeport","BS","26.55870056","-78.69560242","MYGF","private_airport"
"NIA","Nimba Airport","Nimba","LR","7.494459","-8.584514","GLNA","very_small_airport"
"SNP","St Paul Island Airport","St Paul Island","US","57166311","-170222555","PASN","medium_airport"
"TFI","Tufi Airport","Tufi","PG","-907595444","14931983948","AYTU","small_airport"
"VHN","Culberson County Airport","Van Horn","US","3105780029","-10478399658","KVHN","small_airport"
"UKWQP","Larsen Bay Airport","Larsen Bay","US","57.53516","-153.976455","PALB","small_airport"
"MTP","Montauk Airport","Montauk","US","410765","-71920797","KMTP","small_airport"
"DJA","Djougou Airport","Djougou","BJ","969208333","163777778","DBBD","small_airport"
"TGG","Sultan Mahmud Airport","Kuala Terengganu","MY","5.38263988C","103.10299683Y","WMKN","medium_airport"
"SBK","Saint-Brieuc-Armor Airport","Trémuson, Côtes-d'Armor","FR","48538628","-2853518","LFRT","medium_airport"
"BTK","Bratsk Airport","Bratsk","RU","56.37060165B","101.69799805Z","UIBB","medium_airport"
"EITFN","Asaba International Airport","Asaba","NG","6.204167","6.665278","DNAS","medium_airport"
"CVB","Chungribu Airport","Chungribu","PG","-4.80662","144.714996","AYCB","private_airport"
"UAL","Luau Airport","Luau","AO","-10.7158C","22.2311Y","FNUA","small_airport"
"CNK","Blosser Municipal Airport","Concordia","US","39.54930115","-97.65229797","KCNK","smallest_airport"
"SOW","Show Low Regional Airport","Show Low","US","34264062","-110007091","KSOW","medium_airport"
"GAL","Edward G. Pitka Sr Airport","Galena","US","64.736198","-156.936997","PAGA","private_airport"
"WFMZM","Brookings Regional Airport","Brookings","US","44.304798","-96.816902","KBKX","small_airport"
"CHF","Jinhae Air Base","Jinhae","KR","35140248","128696229","RKPE","small_airport"
"GUMIY","Cholet Le Pontreau airfield","Cholet","FR","47.0821","-0.877064","LFOU","small_airport"
"RLUKT","Dubrovnik Ruđer Bošković Airport","Čilipi","HR","42.562247","18.265543","LDDU","medium_airport"
"ESU","Essaouira-Mogador Airport","Essaouira","MA","31.397499C","-9.68167X","GMMI","medium_airport"
"OWK","Central Maine/Norridgewock Airport","Norridgewock","US","44.7155B","-69.866501Z","KOWK","small_airport"
"WAG","Wanganui Airport","Wanganui","NZ","-39963467","17502444","NZWU","medium_airport"
"OSH","Wittman Regional Airport","Oshkosh","US","43.9844017B","-88.55699921Y","KOSH","medium_airport"
" MWDG","Pike County Airport Hatcher Field","Pikeville","US","37.560795","-82.570051","KPBX","small_airport"
"JEF","Jefferson City Memorial Airport","Jefferson City","US","38.59120178","-92.15609741","KJEF","private_airport"
"BYR","Læsø Airport","Læsø","DK","57.277199","11.0001","EKLS","smallest_airport"
"MWT","Moolawatana Airport","Moolawatana Station","AU","-29.9069","139.765","YMWT","very_small_airport"
"NAN","Nadi International Airport","Nadi","FJ","-17.7553997C","177.44299316Z","NFFN","medium_airport"
"MZL","La Nubia Airport","Manizales","CO","5.0296A","-75.4647X","SKMZ","medium_airport"
"WAM","Ambatondrazaka Airport","Ambatondrazaka","MG","-17.795378","48.442583","FMMZ","smallest_airport"
"AGU","Jesús Terán Peredo International Airport","Aguascalientes","MX","21.699589","-102.318372","MMAS","smallest_airport"
"BPC","Bamenda Airport","Bamenda","CM","6.03924","10.1226","FKKV","private_airport"
"MDC","Sam Ratulangi Airport","Manado","ID","1.549266","124.926319","WAMM","private_airport"
"GODOJ","Entebbe International Airport","Kampala","UG","0.042386","32.443501","HUEN","large_airport"
"GGWDS","Wycombe Air Park","Marlow, Buckinghamshire","GB","51.61177","-0.808316","EGTB","small_airport"
"RCO","Rochefort-Saint-Agnant (BA 721) Airport","Rochefort/Saint-Agnant","FR","45887798","-0983056","LFDN","medium_airport"
"MNQMG","Fallon Municipal Airport","Fallon","US","39.49909973","-118.74900055","KFLX","small_airport"
"BWT","Wynyard Airport","Burnie","AU","-40.997039A","145.726Z","YWYY","medium_airport"
"EJA","Yariguíes Airport","Barrancabermeja","CO","7.02433","-73.8068","SKEJ","private_airport"
"PHK","Palm Beach County Glades Airport","Pahokee","US","2678499985","-8069339752","KPHK","small_airport"
"CCC","Jardines Del Rey Airport","Cayo Coco","CU","22.46100044","-78.32839966","MUCC","smallest_airport"
"WTB","Toowoomba Wellcamp Airport","Toowoomba","AU","-27558332","151793335","YBWW","medium_airport"
"FOERG","Périgueux-Bassillac Airport","Périgueux/Bassillac","FR","45.198101","0.815556","LFBX","medium_airport"
"NQ CY","Brindisi Airport","Brindisi","IT","40.6576","17.947001","LIBR","large_airport"
"TUV","Tucupita Airport","Tucupita","VE","9.088994C","-62.094173Y","SVTC","medium_airport"
"BKZ","Bukoba Airport","Bukoba","TZ","-1.332B","31.8212Y","HTBU","small_airport"
"TFHGL","Maramuni Airport","Maramuni","PG","-5.13","143.4829","AYRM","small_airport"
"OPRHO","Sumter Airport","Sumter","US","33.99499893","-80.36129761","KSMS","small_airport"
"ORM","Sywell Aerodrome","Northampton, Northamptonshire","GB","52.305302","-0.793056","EGBK","smallest_airport"
"JOE","Joensuu Airport","Joensuu","FI","62.658815B","29.619398Z","EFJO","medium_airport"
"CYP","Calbayog Airport","Calbayog City","PH","12072574","12454508","RPVC","medium_airport"
"XIOTI","Windorah Airport","Windorah","AU","-25.410641","142.668428","YWDH","medium_airport"
"SSZ","Santos Nero Moura Air Base / Guarujá Airport","Guarujá","BR","-23.928192","-46.300195","SBST","private_airport"
"PRS","Parasi Airport","Parasi","SB","-9.64167023B","161.42500305X","AGGP","small_airport"
"MYM","Monkey Mountain Airport","Monkey Mountain","GY","4.452267","-59.603126","SYMM","private_airport"
"KGF","Sary-Arka Airport","Karaganda","KZ","49.670799","73.334396","UAKK","smallest_airport"
"IMM","Immokalee Regional Airport","Immokalee","US","26.427933","-81.403531","KIMM","private_airport"
"NTG","Nantong Xingdong International Airport","Nantong (Tongzhou)","CN","32073566","120980076","ZSNT","medium_airport"
"PGIYJ","Melalan Airport","Melak-Borneo Island","ID","-0.203611","115.760002","WALE","small_airport"
"YAC","Cat Lake Airport","Cat Lake","CA","51.7272C","-91.824402Z","CYAC","small_airport"
"LR EK","Naples Municipal Airport","Naples","US","26.15259933","-81.77529907","KAPF","medium_airport"
"WOT","Wang'an Airport","Wang'an","TW","23.369108","119.503598","RCWA","very_small_airport"
"OPO","Francisco de Sá Carneiro Airport","Porto","PT","41.24810028B","-8.68138981Z","LPPR","large_airport"
"DUJ","DuBois Regional Airport","Dubois","US","4117829895","-788986969","KDUJ","medium_airport"
"CSK","Cap Skirring Airport","Cap Skirring","SN","1239533","-16748","GOGS","medium_airport"
"LSC","La Florida Airport","La Serena-Coquimbo","CL","-29.916201C","-71.199501X","SCSE","medium_airport"
"KOPHM","Ashley Municipal Airport","Ashley","US","46.02389908","-99.3526001","KASY","small_airport"
"ROI","Roi Et Airport","Roi Et","TH","16.1168","103.774002","VTUV","very_small_airport"
"MWRJD","Mahshahr Airport","Mahshahr","IR","30.5562","49.151901","OIAM","medium_airport"
"NCE","Nice-Côte d'Azur Airport","Nice, Alpes-Maritimes","FR","43658401","721587","LFMN","large_airport"
"XDIOH","Gondar Airport","Azezo","ET","12.5199","37.433998","HAGN","medium_airport"
"YKUAW","Chaghcharan Airport","Chaghcharan","AF","34.526465","65.27102","OACC","small_airport"
"CLI","Clintonville Municipal Airport","Clintonville","US","44.61380005","-88.73130035","KCLI","private_airport"
"IENJU","Pucón Airport","Pucon","CL","-39.292801","-71.915901","SCPC","small_airport"
"TAD","Perry Stokes Airport","Trinidad","US","3725939941","-10434100342","KTAD","small_airport"
"PPG","Pago Pago International Airport","Pago Pago","AS","-14331","-170710007","NSTU","medium_airport"
"ADU","Ardabil Airport","Ardabil","IR","38.32569885","48.42440033","OITL","very_small_airport"
"ULZQK","Door County Cherryland Airport","Sturgeon Bay","US","44.84370041","-87.42150116","KSUE","small_airport"
"MEU","Monte Dourado - Serra do Areão Airport","Almeirim","BR","-0889839","-526022","SBMD","medium_airport"
"PTDVN","Bonaventure Airport","Bonaventure","CA","48.071098","-65.460297","CYVB","medium_airport"
"CUB","Jim Hamilton L.B. Owens Airport","Columbia","US","3397050095","-8099520111","KCUB","medium_airport"
"SWS","Swansea Airport","Swansea","GB","51601366","-4071006","EGFH","medium_airport"
"AFW J","Gaylord Regional Airport","Gaylord","US","45.01350021","-84.70359802","KGLR","small_airport"
"YMW","Maniwaki Airport","Messines","CA","462728","-75990601","CYMW","small_airport"
"SLK","Adirondack Regional Airport","Saranac Lake","US","4438691","-74204629","KSLK","medium_airport"
"BLQ","Bologna Guglielmo Marconi Airport","Bologna","IT","44.5354","11.2887","LIPE","private_airport"
"IQYDM","Markovo Airport","Markovo","RU","64.665446","170.417626","UHMO","small_airport"
"OKK","Kokomo Municipal Airport","Kokomo","US","40.52819824","-86.05899811","KOKK","private_airport"
"GDIKD","Valley International Airport","Harlingen","US","26.22850037","-97.65440369","KHRL","medium_airport"
"KSN","Kostanay West Airport","Kostanay","KZ","53.20690155","63.5503006","UAUU","very_small_airport"
"AKT","RAF Akrotiri","Akrotiri","CY","34.590401","32.9879","LCRA","smallest_airport"
"GJL","Jijel Ferhat Abbas Airport","Tahir","DZ","36.795101C","5.87361Y","DAAV","medium_airport"
"MQT","Marquette/Sawyer International Airport","Gwinn","US","46.3536A","-87.395401X","KSAW","medium_airport"
"ORD","Chicago O'Hare International Airport","Chicago","US","419786","-879048","KORD","large_airport"
"HUETJ","Sheboygan County Memorial Airport","Sheboygan","US","43.76959991","-87.85140228","KSBM","small_airport"
"KSZ","Kotlas Airport","Kotlas","RU","61.2358017","46.69749832","ULKK","smallest_airport"
"CVU","Corvo Airport","Corvo","PT","39.671501B","-31.1136Y","LPCR","small_airport"
"MZTWI","Ainsworth Regional Airport","Ainsworth","US","42.579201","-99.992995","KANW","small_airport"
"KMW","Kostroma Sokerkino Airport","Kostroma","RU","57796902","41019402","UUBA","medium_airport"
"W ICC","New Tanegashima Airport","Tanegashima","JP","30.60510063","130.99099731","RJFG","medium_airport"
"CSQ","Creston Municipal Airport","Creston","US","41.02140045","-94.36329651","KCSQ","very_small_airport"
"VHM","Vilhelmina South Lapland Airport","Vilhelmina","SE","64579102","16833599","ESNV","medium_airport"
"BJZ","Badajoz Airport","Badajoz","ES","38.8913A","-6.82133Y","LEBZ","medium_airport"
"BOYQR","Batumi International Airport","Batumi","GE","41.610298","41.599701","UGSB","medium_airport"
"PEU","Puerto Lempira Airport","Puerto Lempira","HN","15.2622","-83.781197","MHPL","very_small_airport"
"UIXRO","Harry Clever Field","New Philadelphia","US","40.47090149","-81.41970062","KPHD","small_airport"
"DTWOQ","Sultan Iskandar Muda International Airport","Banda Aceh","ID","5.525087","95.41997","WITT","medium_airport"
"PCR","German Olano Airport","Puerto Carreño","CO","6.18472A","-67.4932Z","SKPC","medium_airport"
"LWT","Lewistown Municipal Airport","Lewistown","US","47.048429","-109.466143","KLWT","private_airport"
"FEJ","Feijó Airport","Feijó","BR","-8141213","-70340821","SNOU","small_airport"
"SXK","Mathilda Batlayeri Airport","Saumlaki-Yamdena Island","ID","-7848354","131337068","WAPS","small_airport"
"SNY","Sidney Municipal Airport Lloyd W Carr Field","Sidney","US","41.101299","-102.985001","KSNY","very_small_airport"
"OTK","Tillamook Airport","Tillamook","US","45.41820145A","-123.81400299Y","KTMK","small_airport"
"MEI","Key Field / Meridian Regional Airport","Meridian","US","32.3326","-88.7519","KMEI","very_small_airport"
"CHM","FAP Lieutenant Jaime Andres de Montreuil Morales Airport","Chimbote","PE","-9.14961","-78.523804","SPEO","very_small_airport"
"SVU","Savusavu Airport","Savusavu","FJ","-16803394","179340587","NFNS","small_airport"
"MEH","Mehamn Airport","Mehamn","NO","71.029701","27.8267","ENMH","smallest_airport"
"UQUAE","Undara Airport","Undara","AU","-18.19134","144.61224","YUDA","small_airport"
"LZPEW","Rabi Island Airport","Rabi Island","FJ","-16.5337","179.9757","NFFR","small_airport"
"ZUPNX","Siorapaluk Heliport","Siorapaluk","GL","77.786517","-70.638657","BGSI","heliport"
"OVE","Oroville Municipal Airport","Oroville","US","39.4878006","-121.62200165","KOVE","very_small_airport"
"VER","General Heriberto Jara International Airport","Veracruz","MX","19.14590073","-96.18730164","MMVR","very_small_airport"
"XFN","Xiangyang Liuji Airport","Xiangyang (Xiangzhou)","CN","32.152222C","112.291666X","ZHXF","medium_airport"
"KUKXK","Calabozo Airport","Guarico","VE","8.924656","-67.417091","SVCL","medium_airport"
"RLO","Valle Del Conlara International Airport","Merlo","AR","-32.384701","-65.186501","SAOS","smallest_airport"
"BTM","Bert Mooney Airport","Butte","US","45.95479965C","-112.49700165Z","KBTM","medium_airport"
"GQGCQ","Terapo Airport","Terapo Mission","PG","-8.16972222","146.19444444","AYTY","small_airport"
"NDR","Nador Al Aaroui International Airport","Al Aaroui","MA","34.9888C","-3.02821Y","GMMW","medium_airport"
"VDOTU","Mackall Army Air Field","Hoffman","US","35.036087","-79.498615","KHFF","small_airport"
"PNDQJ","Grand Central Airport","Midrand","ZA","-25.98629951","28.14010048","FAGC","medium_airport"
"GBF","Negarbo(Negabo) Airport","Negarbo","PG","-6.567778","144.703058","AYNE","smallest_airport"
" AD R","Aspen-Pitkin County Airport (Sardy Field)","Aspen","US","39.223202","-106.869003","KASE","medium_airport"
"USA","Concord-Padgett Regional Airport","Concord","US","35387798","-80709099","KJQF","medium_airport"
"EHU","Ezhou Huahu Airport","Ezhou","CN","30341178","11503926","ZHEC","large_airport"
"FHZUR","Okushiri Airport","Okushiri Island","JP","42.07170105","139.43299866","RJEO","medium_airport"
"TMD","Timbedra Airport","Timbedra","MR","16.233671","-8.163464","GQNH","very_small_airport"
"KHW","Khwai River Lodge Airport","Khwai River Lodge","BW","-19.149477B","23.787937Y","FBKR","small_airport"
"OEC","Rota Do Sândalo Oecusse Airport","Oecussi-Ambeno","TL","-919806","124343002","WPOC","medium_airport"
"QEACZ","Mc Pherson Airport","Mc Pherson","US","38.352402","-97.691299","KMPR","small_airport"
"GBD","Great Bend Municipal Airport","Great Bend","US","38.344299B","-98.8592X","KGBD","small_airport"
"EDI","Edinburgh Airport","Edinburgh","GB","55.950145B","-3.372288X","EGPH","large_airport"
"RAWQA","José Cleto Airport","União da Vitória","BR","-26.233224","-51.066754","SSUV","small_airport"
"OXD","Miami University Airport","Oxford","US","3950230026","-8478440094","KOXD","small_airport"
"X CZS","Raroia Airport","Raroia","PF","-16.050485","-142.476568","NTKO","small_airport"
"TIK","Tinker Air Force Base","Oklahoma City","US","35.4147C","-97.386597X","KTIK","medium_airport"
"MKU","Makokou Airport","Makokou","GA","0.579211A","12.89089966X","FOOK","medium_airport"
"PAT","Jay Prakash Narayan Airport","Patna","IN","25.591299","85.087997","VEPT","smallest_airport"
"LSI","Sumburgh Airport","Lerwick, Shetland","GB","59.878899","-1.29556","EGPB","smallest_airport"
"JCT","Kimble County Airport","Junction","US","3051129913","-997634964","KJCT","medium_airport"
"CSM","Clinton Sherman Airport","Clinton","US","3533980179","-9920050049","KCSM","small_airport"
"MXJ","Minna Airport","Minna","NG","9.65217018","6.46225977","DNMN","private_airport"
"CLVVX","San José De Chiquitos Airport","San José de Chiquitos","BO","-17.830799","-60.743099","SLJE","small_airport"
"JBIGC","Kyzyl Airport","Kyzyl","RU","51.669399","94.400597","UNKY","medium_airport"
"VE IT","Northeast Philadelphia Airport","Philadelphia","US","40.082406","-75.010614","KPNE","medium_airport"
"YVT","Buffalo Narrows Airport","Buffalo Narrows","CA","5584189987","-10841799927","CYVT","small_airport"
"TFYER","Lake Manyara Airport","Lake Manyara National Park","TZ","-3.37631","35.818298","HTLM","medium_airport"
"KTX","Koutiala Airport","Koutiala","ML","12.38300037","-5.46700001","GAKO","private_airport"
"CBN","Cakrabhuwana  Airport","Cirebon-Java Island","ID","-6757","108538849","WICD","small_airport"
"CYB","Charles Kirkconnell International Airport","West End","KY","19.687","-79.882797","MWCB","very_small_airport"
"IYPAM","Siargao Airport","Del Carmen","PH","9.8591","126.014","RPNS","small_airport"
"KIK","Kirkuk Air Base","Kirkuk","IQ","35.469501","44.3489","ORKK","private_airport"
"UFXPM","Santa Bárbara de Barinas Airport","Santa Bárbara","VE","7.803514","-71.165718","SVSB","small_airport"
"HMJ","Khmelnytskyi Airport","Khmelnytskyi","UA","49.359699","26.933399","UKLH","private_airport"
"OGAKW","Saint-Yan Airport","L'Hôpital-le-Mercier, Saône-et-Loire","FR","46.414019","4.014177","LFLN","medium_airport"
"KYT","Kyauktu Airport","Kyauktu","MM","21.39999962","94.13330078","VYKU","private_airport"
"MQE","Marqua Airport","Marqua","AU","-2280579948","13725100708","YMQA","small_airport"
"MHK","Manhattan Regional Airport","Manhattan","US","39.14099884","-96.67079926","KMHK","private_airport"
"CEL","Canela Airport","Canela","BR","-29.370091","-50.831729","SSCN","private_airport"
"DGJNG","Namatanai Airport","Namatanai","PG","-3.6695","152.438","AYNX","small_airport"
"YOD","CFB Cold Lake","Cold Lake","CA","54.40499878A","-110.27899933X","CYOD","medium_airport"
"EHTYZ","MacDill Air Force Base","Tampa","US","27.8493","-82.521202","KMCF","medium_airport"
"CQW","Chongqing Xiannüshan Airport","Wulong","CN","29.465658B","107.693664Y","ZUWL","medium_airport"
"KNP","Kapanda Airport","Capanda","AO","-9.76937B","15.455319Y","FNCP","small_airport"
"LKG","Lokichogio Airport","Lokichogio","KE","420412","34348202","HKLK","medium_airport"
"YQPXD","Mayor PNP Nancy Flores Paucar Airport","Mazamari","PE","-11.3254","-74.535598","SPMF","small_airport"
"SDI","Saidor Airport","Saidor","PG","-5.62713889","146.46277778","AYSD","smallest_airport"
"LPO","La Porte Municipal Airport","La Porte","US","41.57249832","-86.73449707","KPPO","smallest_airport"
"SXZ","Siirt Airport","Siirt","TR","37.97890091C","41.8404007Y","LTCL","medium_airport"
"UGFIN","Lilabari North Lakhimpur Airport","Lilabari","IN","27.295682","94.097266","VELR","medium_airport"
"CAJ","Canaima Airport","Canaima","VE","6.231989","-62.85485","SVCN","very_small_airport"
"KHH","Kaohsiung International Airport","Kaohsiung (Xiaogang)","TW","22.577101A","120.349998X","RCKH","large_airport"
"FDU","Bandundu Airport","Bandundu","CD","-3.31132B","17.381701Z","FZBO","medium_airport"
"LJU","Ljubljana Jože Pučnik Airport","Zgornji Brnik","SI","46.223701A","14.4576Y","LJLJ","large_airport"
"MYT","Myitkyina Airport","Myitkyina","MM","253836","97351898","VYMK","medium_airport"
"QWHO ","Taylor County Airport","Medford","US","45.10100174","-90.30329895","KMDZ","small_airport"
"WAP","Alto Palena Airport","Palena","CL","-43.611492","-71.805452","SCAP","very_small_airport"
"TXE","Rembele Airport","Takengon","ID","472113","96851943","WITK","medium_airport"
"JDO","Orlando Bezerra de Menezes Airport","Juazeiro do Norte","BR","-721932","-39269096","SBJU","small_airport"
"BUB","Cram Field","Burwell","US","41.77669907C","-99.14969635Z","KBUB","small_airport"
"IOW","Iowa City Municipal Airport","Iowa City","US","41.6391983","-91.54650116","KIOW","private_airport"
"NPMVK","Fuyang Xiguan Airport","Yingzhou, Fuyang","CN","32.882157","115.734364","ZSFY","medium_airport"
"NAU","Napuka Island Airport","Napuka Island","PF","-14177397","-141266112","NTGN","small_airport"
"ZRJ","Round Lake (Weagamow Lake) Airport","Round Lake","CA","529436","-91312798","CZRJ","small_airport"
"CTD","Alonso Valderrama Airport","Chitré","PA","7.98784C","-80.409837Y","MPCE","medium_airport"
"NVS","Nevers-Fourchambault Airport","Marzy, Nièvre","FR","47.002913","3.113114","LFQG","smallest_airport"
"RUZJQ","Asturias Airport","Ranón","ES","43.563599","-6.03462","LEAS","medium_airport"
"UMU","Orlando de Carvalho Airport","Umuarama","BR","-23.7987","-53.313801","SSUM","smallest_airport"
"EAEMA","Ranong Airport","Ranong","TH","9.77762","98.585503","VTSR","medium_airport"
"CAR","Caribou Municipal Airport","Caribou","US","46.871498","-68.017899","KCAR","very_small_airport"
"YYA","Yueyang Sanhe Airport","Yueyang (Yueyanglou)","CN","29.311699","113.281574","ZGYY","very_small_airport"
"VOK","Volk Field","Camp Douglas","US","43.938999","-90.253403","KVOK","smallest_airport"
"C ZVO","Samjiyŏn Airport","Samjiyŏn","KP","41.907132","128.409834","ZKSE","small_airport"
"MBVDV","Aeropuerto Nacional Tte. Cnel. Carmelo Peralta","Concepción","PY","-23.440334","-57.429206","SGCO","medium_airport"
"TBJ","Tabarka-Aïn Draham International Airport","Tabarka","TN","36.98","8.87694","DTKA","very_small_airport"
"PBX","Fazenda Piraguassu Airport","Porto Alegre do Norte","BR","-1085935","-51688152","SWPQ","small_airport"
"ZGU","Gaua Island Airport","Gaua Island","VU","-142181","167587006","NVSQ","medium_airport"
"MQN","Mo i Rana Airport, Røssvoll","Mo i Rana","NO","6636389923","1430140018","ENRA","medium_airport"
"SBH","Saint Barthélemy - Gustaf III Airport","Gustavia","BL","179044","-62843601","TFFJ","medium_airport"
"MKY","Mackay Airport","Mackay","AU","-21.170816","149.182588","YBMK","smallest_airport"
"GOM","Goma International Airport","Goma","CD","-1.66617C","29.237929Y","FZNA","medium_airport"
"GZP","Gazipaşa-Alanya Airport","Gazipaşa","TR","36299217","32300598","LTFG","medium_airport"
"MOTHK","Faa'a International Airport","Papeete","PF","-17.553699","-149.606995","NTAA","large_airport"
"KGM","Kungim Airport","Kungim","PG","-5.671","141.03","AYIM","smallest_airport"
"JCR","Jacareacanga Airport","Jacareacanga","BR","-6.23316","-57.776901","SBEK","very_small_airport"
"AMV","Amderma Airport","Amderma","RU","69.76329803A","61.5564003X","ULDD","medium_airport"
"KMG","Kunming Changshui International Airport","Kunming","CN","25.110313","102.936743","ZPPP","very_small_airport"
"BTN","Marlboro County Jetport - H E Avent Field Airport","Bennettsville","US","346217","-79734398","KBBP","small_airport"
"SYPEX","Wanzhou Wuqiao Airport","Wanzhou","CN","30.8017","108.433","ZUWX","small_airport"
"FST","Fort Stockton Pecos County Airport","Fort Stockton","US","30.91570091","-102.91600037","KFST","smallest_airport"
"MHZ","RAF Mildenhall","Bury Saint Edmunds, Suffolk","GB","52.3619","0.486406","EGUN","smallest_airport"
"RBE","Ratanakiri Airport","Ratanakiri","KH","13.72999954A","106.98699951X","VDRK","medium_airport"
"PDJGQ","Oita Airport","Oita","JP","33.47940063","131.73699951","RJFO","medium_airport"
"ZHIYF","Lleida-Alguaire Airport","Lleida","ES","41.728185","0.535023","LEDA","medium_airport"
"BUT","Bathpalathang Airport","Jakar","BT","27.5622","90.7471","VQBT","private_airport"
"YDUKW","Norway House Airport","Norway House","CA","53.958302","-97.8442","CYNE","small_airport"
"DIE","Arrachart Airport","Antisiranana","MG","-12.3494","49.291698","FMNA","private_airport"
"NQZ","Nursultan Nazarbayev International Airport","Astana","KZ","51.027035","71.467094","UACC","smallest_airport"
"OEZL ","Longreach Airport","Longreach","AU","-23.4342","144.279999","YLRE","medium_airport"
"IRA","Ngorangora Airport","Kirakira","SB","-10.44970036","161.897995","AGGK","very_small_airport"
"OLS","Nogales International Airport","Nogales","US","31.4177","-110.848","KOLS","private_airport"
"GSQ","El Owainat East International Airport","Sharq El Owainat","EG","22.584256A","28.721609Z","HEOW","small_airport"
"OAJRT","Emporia Municipal Airport","Emporia","US","38.33209991","-96.19120026","KEMP","small_airport"
"SLDCZ","Bradley International Airport","Hartford","US","41.93851","-72.688066","KBDL","large_airport"
"PPP","Proserpine Whitsunday Coast Airport","Proserpine","AU","-20494416","148553583","YBPN","medium_airport"
"YAR","La Grande-3 Airport","La Grande-3","CA","5357170105","-761964035","CYAD","small_airport"
"PSG","Petersburg James A Johnson Airport","Petersburg","US","56.80170059","-132.9450073","PAPG","very_small_airport"
"GGN","Gagnoa Airport","Gagnoa","CI","6.102855","-5.986809","DIGA","very_small_airport"
"IKP","Inkerman Airport","Inkerman","AU","-16.229225A","141.434607Z","YIKM","small_airport"
"GED","Delaware Coastal Airport","Georgetown","US","38.689201","-75.358902","KGED","smallest_airport"
"VLL","Valladolid Airport","Valladolid","ES","41.7061","-4.85194","LEVD","private_airport"
"EMI","Emirau Airport","Emirau Island","PG","-165394999","1499757667","AYEE","small_airport"
"ISK","Nashik Airport","Nasik","IN","20.119101","73.912903","VAOZ","smallest_airport"
"KPN","Kipnuk Airport","Kipnuk","US","59931796","-164028196","PAKI","small_airport"
"PSO","Antonio Nariño Airport","Chachagüí","CO","139625","-772915","SKPS","medium_airport"
"CCH","Chile Chico Airport","Chile Chico","CL","-46.5831","-71.686323","SCCC","smallest_airport"
"RMAKY","Dehong Mangshi Airport","Dehong (Mangshi)","CN","24.4011","98.5317","ZPMS","medium_airport"
"CEN","Ciudad Obregón International Airport","Ciudad Obregón","MX","27.39259911","-109.83300018","MMCN","smallest_airport"
" EBVT","Northwest Regional Airport Terrace-Kitimat","Terrace","CA","54.468498","-128.576009","CYXT","medium_airport"
"TRJV ","Røst Airport","Røst","NO","67.526482","12.101575","ENRS","small_airport"
"UKQQF","Cochstedt Airport","Hecklingen","DE","51.8564","11.4203","EDBC","small_airport"
"K XVY","Waco Regional Airport","Waco","US","31.61129951","-97.23049927","KACT","medium_airport"
"SOG","Sogndal Airport, Haukåsen","Sogndal","NO","61156101","713778","ENSG","small_airport"
"MDPJP","Palacios Municipal Airport","Palacios","US","28.72750092","-96.25099945","KPSX","small_airport"
"ELV","Elfin Cove Seaplane Base","Elfin Cove","US","58.19520187A","-136.34700012Z","PAEL","seaplane_base"
"TTC","Las Breas Airport","Taltal","CL","-25.564301B","-70.3759Y","SCTT","medium_airport"
"BFS","Belfast International Airport","Belfast","GB","54.65750122","-6.21582985","EGAA","very_small_airport"
"GH V ","Piedras Negras International Airport","Piedras Negras","MX","28.627873","-100.53524","MMPG","medium_airport"
"SQA","Santa Ynez Airport","Santa Ynez","US","34.60680008","-120.0759964","KIZA","private_airport"
"IXCEY","Matari Airport","Isiro","CD","2.82761","27.588301","FZJH","medium_airport"
"WIR","Wairoa Airport","Wairoa","NZ","-39.012118C","177.404395Z","NZWO","medium_airport"
"GAX","Gamba Airport","Gamba","GA","-2.785278A","10.047222Z","FOGX","small_airport"
"GIF","Winter Haven Regional Airport - Gilbert Field","Winter Haven","US","28.062901B","-81.753304Y","KGIF","small_airport"
"HXD","Delingha Airport","Delingha","CN","37.125286","97.268658","ZLDL","smallest_airport"
"ARU","Araçatuba Airport","Araçatuba","BR","-21141479","-50424575","SBAU","medium_airport"
"HECDQ","Midland International Air and Space Port","Midland","US","31.942499","-102.202003","KMAF","medium_airport"
"AXEQF","Neil Armstrong Airport","Wapakoneta","US","40.49340057","-84.29889679","KAXV","small_airport"
"YKF","Region of Waterloo International Airport","Breslau","CA","43.4608","-80.378601","CYKF","smallest_airport"
"JGS","Jinggangshan Airport","Ji'an","CN","26.856899","114.737","ZSGS","smallest_airport"
"GEC","Lefkoniko Airport / Geçitkale Air Base","Lefkoniko (Geçitkale)","CY","35.23591","33.720088","LCGK","private_airport"
"EGX","Egegik Airport","Egegik","US","58.184386C","-157.374873Z","PAII","medium_airport"
"YCJBJ","Yongai Airport","Yongai","PG","-8.5289","147.4603","AYJO","small_airport"
"LBT","Lumberton Regional Airport","Lumberton","US","34610773","-7905943","KLBT","medium_airport"
"ABX","Albury Airport","East Albury","AU","-36066758","146959148","YMAY","medium_airport"
"VVO","Vladivostok International Airport","Artyom","RU","43.396256","132.148155","UHWW","private_airport"
"VEREU","Quillayute Airport","Quillayute","US","47.93659973","-124.56300354","KUIL","small_airport"
"KYKYX","Garanhuns Airport","Garanhuns","BR","-8.83428","-36.4716","SNGN","small_airport"
"PAM","Tyndall Air Force Base","Panama City","US","30.069599","-85.575401","KPAM","very_small_airport"
"RPQHE","Birsa Munda Airport","Ranchi","IN","23.31430054","85.32170105","VERC","medium_airport"
"SKK","Shaktoolik Airport","Shaktoolik","US","64.371101","-161.223999","PFSH","very_small_airport"
"BGI","Grantley Adams International Airport","Bridgetown","BB","13.0746A","-59.4925Y","TBPB","medium_airport"
"JFR","Paamiut Airport","Paamiut","GL","62.014736","-49.670937","BGPT","private_airport"
"LEA","Learmonth Airport","Exmouth","AU","-22.235201C","114.090024X","YPLM","medium_airport"
"VUKGN","Manicoré Airport","Manicoré","BR","-5.81138","-61.278301","SBMY","medium_airport"
"BGF","Bangui M'Poko International Airport","Bangui","CF","4.39847994","18.51880074","FEFF","private_airport"
"ILP","Île des Pins Airport","Île des Pins","NC","-22.58889961","167.45599365","NWWE","smallest_airport"
"IGPCH","Waterville Robert Lafleur Airport","Waterville","US","44.53319931","-69.67549896","KWVL","small_airport"
"NRS","Naval Outlying Field Imperial Beach (Ream Field)","Imperial Beach","US","32.5667A","-117.116997Y","KNRS","small_airport"
"TNP","Twentynine Palms Airport","Twentynine Palms","US","34.133901B","-115.947347Y","KTNP","small_airport"
"CCOHC","Welkom Airport","Welkom","ZA","-27.996825","26.663334","FAWM","small_airport"
"MIR","Monastir Habib Bourguiba International Airport","Monastir","TN","35.7580986C","10.75469971Z","DTMB","medium_airport"
"AOHPT","Manitouwadge Airport","Manitouwadge","CA","49.08390045","-85.86060333","CYMG","medium_airport"
"KOP","Nakhon Phanom Airport","Nakhon Phanom","TH","17.383801C","104.642998X","VTUW","medium_airport"
"BWA","Gautam Buddha International Airport","Siddharthanagar (Bhairahawa)","NP","27.505328B","83.412594Y","VNBW","medium_airport"
"XIRTK","Thief River Falls Regional Airport","Thief River Falls","US","48.065701","-96.184998","KTVF","medium_airport"
"BED","Laurence G Hanscom Field","Bedford","US","42.470001C","-71.289001X","KBED","medium_airport"
"LWS","Lewiston Nez Perce County Airport","Lewiston","US","46.37450027A","-117.01499939X","KLWS","medium_airport"
"TOP","Philip Billard Municipal Airport","Topeka","US","39.069899","-95.622606","KTOP","very_small_airport"
"MYW","Mtwara Airport","Mtwara","TZ","-10.336204","40.181997","HTMT","smallest_airport"
"QASLV","Moyale Airport","Moyale (Lower)","KE","3.46972","39.101398","HKMY","small_airport"
"TLP","Tumolbil Airport","Tumolbil","PG","-4.7748","141.0133","AYQL","very_small_airport"
"OLI","Rif Airport","Rif","IS","64.9114","-23.823099","BIRF","smallest_airport"
"KDV","Vunisea Airport","Vunisea","FJ","-1905809975","17815699768","NFKD","small_airport"
"HFA","Haifa International Airport","Haifa","IL","3280939865","3504309845","LLHA","medium_airport"
"PNQ","Pune Airport / Lohagaon Air Force Station","Pune","IN","185821","73919701","VAPO","medium_airport"
"ADG","Lenawee County Airport","Adrian","US","41866205","-84077983","KADG","small_airport"
"RMOEG","Muskogee-Davis Regional Airport","Muskogee","US","35.656502","-95.366699","KMKO","small_airport"
"ZBR","Chabahar Konarak International Airport","Konarak","IR","2544319","60382167","OIZC","medium_airport"
"HQVME","Eugene F. Kranz Toledo Express Airport","Toledo","US","41.5868","-83.8078","KTOL","medium_airport"
"UCZUR","Hévíz–Balaton Airport","Sármellék","HU","46.686391","17.159084","LHSM","medium_airport"
"XEXZF","Mandalgobi Airport","Mandalgobi","MN","45.73809814","106.26899719","ZMMG","small_airport"
"MCG","McGrath Airport","McGrath","US","62.95289993","-155.6060028","PAMC","smallest_airport"
"HIL","Shilavo Airport","Shilavo","ET","6077545","44763736","HASL","small_airport"
"NZWPS","Las Cruces Airport","Sabana de Torres","CO","7.38322","-73.505402","SKRU","small_airport"
"YIFPZ","Abbaye Airport","Boghe","MR","16.63331413","-14.20000076","GQNE","small_airport"
"AGP","Málaga-Costa del Sol Airport","Málaga","ES","36.6749C","-4.49911X","LEMG","large_airport"
"RFS","Rosita Airport","La Rosita","NI","1388969994","-844088974","MNRT","small_airport"
"EZE","Minister Pistarini International Airport","Buenos Aires (Ezeiza)","AR","-34.8222C","-58.5358Z","SAEZ","large_airport"
"CFROA","Impfondo Airport","Impfondo","CG","1.589968","18.046624","FCOI","small_airport"
"WGT","Wangaratta Airport","Laceby","AU","-36.417914","146.306896","YWGT","very_small_airport"
"BVY","Beverly Regional Airport","Beverly / Danvers","US","42.584202","-70.916496","KBVY","private_airport"
"LUV","Karel Sadsuitubun Airport","Langgur","ID","-5.760278B","132.759444Z","WAPF","medium_airport"
"JKHXT","Chenega Bay Airport","Chenega","US","60.077602","-147.99468","PFCB","small_airport"
"BFL","Meadows Field","Bakersfield","US","35.433601","-119.056999","KBFL","private_airport"
"YZR","Chris Hadfield Airport","Sarnia","CA","42.999401B","-82.308899Y","CYZR","medium_airport"
"DMM","King Fahd International Airport","Ad Dammam","SA","26.471201A","49.797901X","OEDF","large_airport"
"OYK","Oiapoque Airport","Oiapoque","BR","3.85412","-51.797056","SBOI","smallest_airport"
"TAZ","Daşoguz Airport","Daşoguz","TM","41759853","59836149","UTAT","medium_airport"
"JAEZW","Dansville Municipal Airport","Dansville","US","42.570545","-77.713273","KDSV","small_airport"
"RTP","Rutland Plains Airport","Yagoonya","AU","-15.644963","141.844373","YRTP","smallest_airport"
"NKM","Nagoya Airport / JASDF Komaki Air Base","Nagoya","JP","35.255759","136.924095","RJNA","private_airport"
"VZFUB","Senggo Airport","Senggo-Papua Island","ID","-5.6908","139.3502","WAKQ","small_airport"
"ABJKZ","Tauranga Airport","Tauranga","NZ","-37.6719017","176.19599915","NZTG","medium_airport"
"CAI","Cairo International Airport","Cairo","EG","30.111534","31.396694","HECA","private_airport"
"TFL","Juscelino Kubitscheck Airport","Teófilo Otoni","BR","-17.8923","-41.513599","SNTO","smallest_airport"
" JCBD","Robinvale Airport","Robinvale","AU","-34.642887","142.773042","YROI","small_airport"
"UHVTA","Geneva Cointrin International Airport","Geneva","CH","46.238098","6.10895","LSGG","large_airport"
"CDH","Harrell Field","Camden","US","3362279892","-9276339722","KCDH","small_airport"
"LIM","Jorge Chávez International Airport","Lima","PE","-12.0219","-77.114305","SPJC","smallest_airport"
"LBQ","Lambarene Airport","Lambarene","GA","-0704389","102457","FOGR","medium_airport"
"SJICQ","Gasmata Island Airport","Gasmata Island","PG","-6.27111006","150.33099365","AYGT","small_airport"
"HUG","Huehuetenango Airport","Huehuetenango","GT","15.316667C","-91.505556X","MGHT","small_airport"
"HTUTZ","Macomb Municipal Airport","Macomb","US","40.52009964","-90.65239716","KMQB","small_airport"
"YOT","Yotvata Airfield","Yotvata","IL","29901111","350675","LLYT","small_airport"
"FSU","Fort Sumner Municipal Airport","Fort Sumner","US","34.48339844","-104.21700287","KFSU","very_small_airport"
"GYSIY","Ust-Kuyga Airport","Ust-Kuyga","RU","70.011002","135.645004","UEBT","small_airport"
"LBL","Liberal Mid-America Regional Airport","Liberal","US","370442009","-1009599991","KLBL","medium_airport"
"OKS","Garden County Airport/King Rhiley Field","Oshkosh","US","41.401001C","-102.355003X","KOKS","small_airport"
"NQL","Niquelândia Airport","Niquelândia","BR","-14.434869A","-48.491615X","SWNQ","small_airport"
"APK","Apataki Airport","Apataki","PF","-155736","-146414993","NTGD","small_airport"
"ZTNFF","Selfs Airport","Marks","US","34.231499","-90.289597","KMMS","small_airport"
"IKU","Issyk-Kul International Airport","Tamchy","KG","42.585584","76.701181","UCFL","smallest_airport"
"KMZ","Kaoma Airport","Kaoma","ZM","-14.8A","24.783001Z","FLKO","small_airport"
"ATU","Casco Cove Coast Guard Station","Attu","US","52.829797","173.173796","PAAT","smallest_airport"
"QUZKO","Sundsvall-Härnösand Airport","Sundsvall/ Härnösand","SE","62.52809906","17.44389915","ESNN","medium_airport"
"ADT","Ada Regional Airport","Ada","US","34.805214","-96.671988","KADH","very_small_airport"
"DIU A","Cornélio Procópio Airport","Cornélio Procópio","BR","-23.152711","-50.602868","SSCP","small_airport"
"DSLBF","Francisco Carle Airport","Jauja","PE","-11.78310013","-75.4733963","SPJJ","medium_airport"
"BRR","Barra Airport","Eoligarry","GB","570228","-744306","EGPR","medium_airport"
"LRVLV","Tampa International Airport","Tampa","US","27.9755","-82.533203","KTPA","large_airport"
"GLH","Mid Delta Regional Airport","Greenville","US","33482899","-90985603","KGLH","medium_airport"
"LGI","Deadman's Cay Airport","Deadman's Cay","BS","23.17900085B","-75.09359741X","MYLD","medium_airport"
"FAI","Fairbanks International Airport","Fairbanks","US","64815102","-147856003","PAFA","medium_airport"
"VIH","Rolla National Airport","Vichy","US","38.127399C","-91.769501Y","KVIH","small_airport"
"IGM","Kingman Airport","Kingman","US","35.259499","-113.938004","KIGM","very_small_airport"
"DLL","Dillon County Airport","Dillon","US","34.44910049","-79.36859894","KDLC","very_small_airport"
"CFS","Coffs Harbour Airport","Coffs Harbour","AU","-30320601","153115997","YCFS","medium_airport"
"FSD","Sioux Falls Regional Airport / Joe Foss Field","Sioux Falls","US","43.585463","-96.741152","KFSD","private_airport"
"UTA","Mutare Airport","Mutare","ZW","-18.99749947","32.62720108","FVMU","smallest_airport"
"YAI","Gral. Bernardo O´Higgins Airport","Chillan","CL","-36.5825","-72.031403","SCCH","very_small_airport"
"IZO","Izumo Enmusubi Airport","Izumo","JP","35.413601C","132.889999Z","RJOC","medium_airport"
"UUHWP","Deering Airport","Deering","US","66.068901","-162.766914","PADE","medium_airport"
"WIE","Wiesbaden Army Airfield","Wiesbaden","DE","5004980087","832540035","ETOU","medium_airport"
"BAZ","Barcelos Airport","Barcelos","BR","-0.981191","-62.918603","SWBC","private_airport"
"HYG","Hydaburg Seaplane Base","Hydaburg","US","55.205227B","-132.830286Y","PAHY","seaplane_base"
"LJCOS","Silampari Airport","Lubuk Linggau","ID","-3.288165","102.91449","WIPB","small_airport"
"TYZ","Taylor Airport","Taylor","US","34.45280075","-110.1149979","KTYL","very_small_airport"
"ZAM","Zamboanga International Airport","Zamboanga","PH","6.92242B","122.059998X","RPMZ","medium_airport"
"ELH","North Eleuthera Airport","North Eleuthera","BS","25.47489929","-76.6835022","MYEH","smallest_airport"
"LGO","Langeoog Airport","Langeoog","DE","53.742379","7.496345","EDWL","smallest_airport"
"UMHIM","Aropa Airport","Kieta","PG","-6.305417","155.728139","AYIQ","small_airport"
"KOH","Koolatah Airport","Maramie","AU","-15.888484A","142.439461X","YKLA","small_airport"
"LWI","Lowai Airport","Lowai","PG","-6.3344A","146.6458Z","AYLO","small_airport"
"DYWBG","Keningau Airport","Keningau","MY","5.355487","116.164884","WBKG","small_airport"
"CLX","Aeródromo de Clorinda","Clorinda","AR","-25.3036","-57.7344","SATC","very_small_airport"
"BZR","Béziers Vias airport","Béziers","FR","43.323502C","3.3539Z","LFMU","medium_airport"
"ACA","General Juan N. Álvarez International Airport","Acapulco","MX","16.757126","-99.753113","MMAA","private_airport"
"J DEO","Pohnpei International Airport","Pohnpei Island","FM","6.98509979","158.20899963","PTPN","medium_airport"
"IR LL","Holloman Air Force Base","Alamogordo","US","32.852501","-106.107002","KHMN","medium_airport"
"PSA","Pisa International Airport","Pisa (PI)","IT","43683899","103927","LIRP","large_airport"
"SFM","Sanford Seacoast Regional Airport","Sanford","US","43.39390182","-70.70800018","KSFM","very_small_airport"
"YHD","Dryden Regional Airport","Dryden","CA","49.831699","-92.744202","CYHD","smallest_airport"
"PMH","Greater Portsmouth Regional Airport","Portsmouth","US","38.84049988","-82.84729767","KPMH","very_small_airport"
"BLOVO","Port Stanley Airport","Stanley","FK","-51.68569946","-57.77759933","SFAL","medium_airport"
"ROD","Robertson Airport","Robertson","ZA","-33.812199","19.9028","FARS","smallest_airport"
"HFWCY","Plato Airport","Plato","CO","9.8","-74.7833","SKPL","small_airport"
"NAH","Naha Airport","Tabukan Utara, Sangihe Islands","ID","3.68478","125.527162","WAMH","private_airport"
"STC","Saint Cloud Regional Airport","Saint Cloud","US","45.5466A","-94.059898Z","KSTC","medium_airport"
"DMO","Sedalia Memorial Airport","Sedalia","US","38.70740128A","-93.17590332X","KDMO","small_airport"
"RGS","Burgos Airport","Burgos","ES","42.357601","-3.62076","LEBG","smallest_airport"
"MOUCA","Northeast Kingdom International Airport","Newport","US","44.888802","-72.229202","KEFK","small_airport"
"DTLCS","Clinton Municipal Airport","Clinton","US","41.83110046","-90.32910156","KCWI","small_airport"
"YCW","Chilliwack Airport","Chilliwack","CA","49.153157B","-121.939309Z","CYCW","small_airport"
"Q VIT","Wasilla Airport","Wasilla","US","61.571701","-149.539993","PAWS","medium_airport"
"KTHAE","Chico Regional Airport","Chico","US","39.795595","-121.857716","KCIC","small_airport"
"PSM","Portsmouth International at Pease Airport","Portsmouth","US","43.07789993","-70.82330322","KPSM","private_airport"
"PHR","Nanuku Airport","Nanuku Auberge Resort","FJ","-18.2553","178.0492","NFND","smallest_airport"
"CEB","Mactan Cebu International Airport","Lapu-Lapu City","PH","10.309261C","123.97974X","RPVM","large_airport"
"SQOUU","Josep Tarradellas Barcelona-El Prat Airport","Barcelona","ES","41.2971","2.07846","LEBL","large_airport"
"TDV","Samangoky Airport","Tanandava","MG","-2170000076","4373300171","FMSN","small_airport"
"YJT","Dymond Airport","Stephenville","CA","48544201","-58549999","CYJT","medium_airport"
"A YRU","Dikson Airport","Dikson","RU","73.517807","80.379669","UODD","medium_airport"
"SKQIL","Blanding Municipal Airport","Blanding","US","37.58330154","-109.4830017","KBDG","small_airport"
"PUR","Puerto Rico Airport","Puerto Rico/Manuripi","BO","-11.107663C","-67.551155X","SLPR","small_airport"
"WWUC ","Corrientes Airport","Corrientes","AR","-27.4455","-58.7619","SARC","medium_airport"
"HMB","Sohag International Airport","Suhaj","EG","26.342515","31.743017","HESG","very_small_airport"
"TYD","Tynda Airport","Tynda","RU","55.284936","124.77901","UHBW","private_airport"
"HPT","Hampton Municipal Airport","Hampton","US","42.72370148","-93.2263031","KHPT","very_small_airport"
"ATQ","Sri Guru Ram Dass Jee International Airport","Amritsar","IN","317096","74797302","VIAR","medium_airport"
"BFN","Bram Fischer International Airport","Bloemfontain","ZA","-29.092699","26.302401","FABL","private_airport"
" TPDW","Chañaral Airport","Chañaral","CL","-26.3325","-70.6073","SCRA","medium_airport"
"XQHV ","Dresden Airport","Dresden","DE","51.134123","13.767831","EDDC","medium_airport"
"DFQVS","Solenzara (BA 126) Air Base","Solenzara","FR","41.9244","9.406","LFKS","medium_airport"
"XPP","Poplar River Airport","Poplar River","CA","52.996526","-97.274194","CZNG","smallest_airport"
"ITE","Ituberá Airport","Ituberá","BR","-13.731571","-39.140377","SNZW","smallest_airport"
"NYR","Nyurba Airport","Nyurba","RU","63296703","118341953","UENN","small_airport"
"BKVXQ","Yam Island Airport","Yam Island","AU","-9.899187","142.774265","YYMI","small_airport"
"ORE","Orléans–Saint-Denis-de-l'Hôtel Airport","Saint-Denis-de-l'Hôtel, Loiret","FR","47.897758","2.164478","LFOZ","smallest_airport"
"CBM","Columbus Air Force Base","Columbus","US","33.643799","-88.443802","KCBM","private_airport"
"CRA","Craiova International Airport","Craiova","RO","443181","23888599","LRCV","medium_airport"
"GBU","Khashm El Girba Airport","Khashm El Girba","SD","14.925A","35.877998Z","HSKG","small_airport"
"SGI","Mushaf Air Base","Sargodha","PK","3204859924","7266500092","OPSR","medium_airport"
"JHXK ","McCall Municipal Airport","McCall","US","44.888837","-116.101112","KMYL","medium_airport"
"LWR","Leeuwarden Air Base","Leeuwarden","NL","53.22859955","5.76056004","EHLW","private_airport"
" KCCX","Sania Ramel Airport","Tétouan","MA","35.594299","-5.32002","GMTN","medium_airport"
"JMJ","Lancang Jingmai Airport","Pu'er (Lancang)","CN","22417733","99784012","ZPJM","medium_airport"
"MFG","Muzaffarabad Airport","Muzaffarabad","PK","34.339001C","73.508598Z","OPMF","medium_airport"
"MHKFM","Tupelo Regional Airport","Tupelo","US","34.26810074","-88.76989746","KTUP","medium_airport"
"YNRXN","Olympia Regional Airport","Olympia","US","46.969399","-122.903","KOLM","medium_airport"
"DBO","Dubbo City Regional Airport","Dubbo","AU","-32.21670151","148.57499695","YSDU","very_small_airport"
"GXX","Yagoua Airport","Yagoua","CM","10.3561","15.2372","FKKJ","very_small_airport"
"PYA","Velásquez Airport","Puerto Boyacá","CO","5.93904","-74.457","SKVL","very_small_airport"
"CFG","Jaime Gonzalez Airport","Cienfuegos","CU","2214999962","-8041419983","MUCF","medium_airport"
"CWC","Chernivtsi International Airport","Chernivtsi","UA","48.25930023","25.98080063","UKLN","private_airport"
"PEM","Padre Aldamiz International Airport","Puerto Maldonado","PE","-1261359978","-6922859955","SPTU","medium_airport"
"LZDES","Raleigh Durham International Airport","Raleigh/Durham","US","35.877602","-78.787498","KRDU","large_airport"
"ALF","Alta Airport","Alta","NO","69.976097","23.3717","ENAT","very_small_airport"
"ISU","Sulaymaniyah International Airport","Sulaymaniyah","IQ","355617485","4531673813","ORSU","medium_airport"
"LEB S","Tjilik Riwut Airport","Palangkaraya","ID","-2.227146","113.943388","WAGG","medium_airport"
"NFG","Nefteyugansk Airport","Nefteyugansk","RU","61.108299","72.650002","USRN","very_small_airport"
"RDM","Roberts Field","Redmond","US","44.254101","-121.150002","KRDM","very_small_airport"
"ESIBB","Yichun Lindu Airport","Yichun","CN","47.752056","129.019125","ZYLD","medium_airport"
"VLA","Vandalia Municipal Airport","Vandalia","US","38.991501C","-89.166199Y","KVLA","small_airport"
"STVV ","Iwami Airport","Masuda","JP","34.67639923","131.78999329","RJOW","medium_airport"
"MXP W","Bosset Airport","Bosset","PG","-7.237257","141.1063222","AYET","small_airport"
"GBE","Sir Seretse Khama International Airport","Gaborone","BW","-24.555201","25.9182","FBSK","smallest_airport"
"GGS","Gobernador Gregores Airport","Gobernador Gregores","AR","-48.7831","-70.150002","SAWR","private_airport"
"GEB","Gebe Airport","Gebe Island","ID","-0078889","129457993","WAMJ","small_airport"
"ZFN","Tulita Airport","Tulita","CA","64.909496A","-125.570297X","CZFN","small_airport"
"KHI","Jinnah International Airport","Karachi","PK","249065","67160797","OPKC","large_airport"
"OQEOC","Palma de Mallorca Airport","Palma de Mallorca","ES","39.551701","2.73881","LEPA","large_airport"
"GYYSM","Narrandera Airport","Narrandera","AU","-34.70220184","146.51199341","YNAR","medium_airport"
"APDGK","Park Rapids Municipal Airport Konshok Field","Park Rapids","US","46.9006","-95.073095","KPKD","small_airport"
"ILS","Ilopango International Airport","San Salvador","SV","136995","-89119904","MSSS","medium_airport"
"CVO","Corvallis Municipal Airport","Corvallis","US","44.49720001","-123.2900009","KCVO","smallest_airport"
"WKF","Waterkloof Air Force Base","Pretoria","ZA","-25.82999992C","28.22249985Z","FAWK","medium_airport"
"XQRDS","Berlevåg Airport","Berlevåg","NO","70.871517","29.034097","ENBV","medium_airport"
"BRNAQ","Thisted Airport","Thisted","DK","57.068802","8.70522","EKTS","medium_airport"
"ABA","Abakan International Airport","Abakan","RU","53.740002","91.385002","UNAA","smallest_airport"
"TCS","Truth or Consequences Municipal Airport","Truth or Consequences","US","33.2369","-107.272003","KTCS","private_airport"
"KMV","Kalay Airport","Kalemyo","MM","23.188801B","94.051102X","VYKL","small_airport"
"RMB","Buraimi Airport","Buraimi","OM","24241626","55783674","OOBR","small_airport"
"UTN","Pierre Van Ryneveld Airport","Upington","ZA","-28.39909935C","21.2602005X","FAUP","medium_airport"
"HWO","North Perry Airport","Hollywood","US","260012","-802407","KHWO","small_airport"
"YFE","Forestville Airport","Forestville","CA","4874610138","-6909719849","CYFE","medium_airport"
"QYODO","Austin Bergstrom International Airport","Austin","US","30.197535","-97.662015","KAUS","large_airport"
"TLZ","Catalão Airport","Catalão","BR","-18.216801B","-47.8997Z","SWKT","small_airport"
"PJC","Aeropuerto Nacional Dr. Augusto Roberto Fuster","Pedro Juan Caballero","PY","-22.641427","-55.829993","SGPJ","private_airport"
"AUT","Atauro Airport","Vila","TL","-8.243133A","125.606378Y","WPAT","small_airport"
"SLLIF","Mbala Airport","Mbala","ZM","-8.85917","31.336399","FLBA","small_airport"
"INC","Yinchuan Hedong International Airport","Yinchuan","CN","38.322758A","106.393214X","ZLIC","medium_airport"
"SSH","Sharm El Sheikh International Airport","Sharm El Sheikh","EG","27.977272","34.394717","HESH","private_airport"
"SQI","Whiteside County Airport - Joseph H Bittorf Field","Rock Falls","US","41.742175","-89.673629","KSQI","smallest_airport"
" ZG Q","Zhezkazgan National Airport","Zhezkazgan","KZ","47.708953","67.738094","UAKD","medium_airport"
"DKETK","Hillside Airport","Hillside","AU","-21.718283","119.440334","YHIL","small_airport"
"WPM","Wipim Airport","Wipim","PG","-8.78822","142.882004","AYXP","smallest_airport"
"TPQ","Amado Nervo National Airport","Tepic","MX","21419833","-104842472","MMEP","medium_airport"
"AYRUT","Bisha Airport","Bisha","SA","19.9844","42.620899","OEBH","medium_airport"
"DNS","Denison Municipal Airport","Denison","US","41.9864006","-95.38069916","KDNS","very_small_airport"
"ALO","Waterloo Regional Airport","Waterloo","US","42.55709839","-92.40029907","KALO","very_small_airport"
"YGJIJ","Lages Airport","Lages","BR","-27.782101","-50.281502","SBLJ","medium_airport"
"WAJ","Wawoi Falls Airport","Wavoi Falls","PG","-69523","1426557","AYWF","small_airport"
"NLT","Xinyuan Nalati Airport","Xinyuan","CN","43.4318A","83.3786X","ZWNL","medium_airport"
"LKW","Lekhwair Airport","Lekhwair","OM","22.804866","55.372801","OOLK","smallest_airport"
"NEG","Negril Airport","Negril","JM","18.341712","-78.334164","MKNG","very_small_airport"
"IIS","Nissan Island Airport","Nissan Island","PG","-44997201","15422599792","AYIA","small_airport"
"HMV","Hemavan Airport","Hemavan","SE","65.806099A","15.0828Y","ESUT","small_airport"
"MOA","Orestes Acosta Airport","Moa","CU","20.65390015","-74.92220306","MUMO","very_small_airport"
"NQCNA","Antonio Maceo International Airport","Santiago","CU","19.96980095","-75.83540344","MUCU","medium_airport"
"BLR","Kempegowda International Airport","Bangalore","IN","13.1979A","77.706299X","VOBL","large_airport"
"IBNWF","Ottawa / Gatineau Airport","Gatineau","CA","45.521702","-75.563599","CYND","medium_airport"
"ROS","Rosario Islas Malvinas International Airport","Rosario","AR","-329036","-60785","SAAR","medium_airport"
"SGP","Shay Gap Airport","Shay Gap","AU","-204247","120140999","YSHG","small_airport"
"UPSAK","Al Qaisumah/Hafr Al Batin Airport","Qaisumah","SA","28.335199","46.125099","OEPA","medium_airport"
"MRB","Eastern WV Regional Airport/Shepherd Field","Martinsburg","US","39.40190125A","-77.98459625Y","KMRB","medium_airport"
"BBQHO","Molokai Airport","Kaunakakai","US","21.152901","-157.095993","PHMK","medium_airport"
"EYP","El Alcaravan - Yopal Airport","Yopal","CO","5.31911A","-72.384Y","SKYP","medium_airport"
"LTD","Ghadames East Airport","Ghadames","LY","30151699","971531","HLTD","medium_airport"
"CDY","Cagayan de Sulu Airport","Mapun","PH","7.014","118.496002","RPMU","very_small_airport"
"LAB","Lab Lab Airport","Lab Lab Mission","PG","-57204","1480566","AYLB","small_airport"
"OFAYH","Midtjyllands Airport / Air Base Karup","Karup","DK","56.297139","9.104311","EKKA","medium_airport"
"YQC","Quaqtaq Airport","Quaqtaq","CA","61046398","-69617798","CYHA","small_airport"
"ASFNK","Portorož Airport","Sečovlje","SI","45.47201","13.615951","LJPZ","medium_airport"
"XHOKT","Kambalda Airport","Kambalda West","AU","-31.1907","121.5978","YKBL","small_airport"
"LRD","Laredo International Airport","Laredo","US","2754380035","-9946160126","KLRD","medium_airport"
"DUPVX","Wilkes Barre Scranton International Airport","Wilkes-Barre/Scranton","US","41.33850098","-75.7233963","KAVP","medium_airport"
"UUVS ","Leknes Airport","Leknes","NO","68.15249634","13.6093998","ENLK","medium_airport"
"KMPMV","North Island Naval Air Station-Halsey Field","San Diego","US","32.69919968","-117.2149963","KNZY","medium_airport"
"CTZ","Sampson County Airport","Clinton","US","34.9756012","-78.36460114","KCTZ","smallest_airport"
"KQT","Qurghonteppa International Airport","Kurgan-Tyube","TJ","37.86640167","68.86470032","UTDT","private_airport"
"I UZU","San José Airport","Puerto San José","GT","13.9362","-90.8358","MGSJ","medium_airport"
"BUHPQ","Puerto Jimenez Airport","Puerto Jimenez","CR","8.53332996","-83.30000305","MRPJ","medium_airport"
"WGFKC","Félix-Houphouët-Boigny International Airport","Abidjan","CI","5.26139","-3.92629","DIAP","medium_airport"
"RBIVH","Kalskag Airport","Kalskag","US","61.53630066","-160.34100342","PALG","small_airport"
"NLI","Nikolayevsk-na-Amure Airport","Nikolayevsk-na-Amure Airport","RU","53154999","140649994","UHNN","medium_airport"
"AFNRC","Vilnius International Airport","Vilnius","LT","54.634102","25.285801","EYVI","large_airport"
"TAW","Tacuarembo Airport","Tacuarembo","UY","-31749001","-55925801","SUTB","small_airport"
"DSSMM","Bob Sikes Airport","Crestview","US","30.77879906","-86.52210236","KCEW","medium_airport"
"DBCWB","Cliff Hatfield Memorial Airport","Calipatria","US","33.13150024","-115.52100372","KCLR","small_airport"
"BGN","Belaya Gora Airport","Belaya Gora","RU","68.556227","146.22784","UESG","private_airport"
"TLYDJ","Guanacaste Airport","Liberia","CR","10.5933","-85.544403","MRLB","large_airport"
"AR BF","Tifalmin Airport","Tifalmin","PG","-5.117249","141.418076","AYTH","small_airport"
"EBU","Saint-Étienne-Bouthéon Airport","Andrézieux-Bouthéon, Loire","FR","45.5406C","4.29639X","LFMH","medium_airport"
"PPL","Phaplu Airport","Phaplu","NP","27.517752","86.585019","VNPL","private_airport"
"CTT","Le Castellet Airport","Le Castellet, Var","FR","43.252499A","5.78519Y","LFMQ","medium_airport"
"ORP","Orapa Airport","Orapa","BW","-21.265901B","25.319667Y","FBOR","small_airport"
"VLR","Vallenar Airport","Vallenar","CL","-28.596399","-70.755997","SCLL","smallest_airport"
"IBE","Perales Airport","Ibagué","CO","4.42161","-75.1333","SKIB","private_airport"
"CBQ","Margaret Ekpo International Airport","Calabar","NG","4.97601986","8.34720039","DNCA","smallest_airport"
"HOFUF","Komsomolsk-on-Amur Airport","Komsomolsk-on-Amur","RU","50.4090004","136.93400574","UHKK","medium_airport"
"BLH","Blythe Airport","Blythe","US","33.61920166","-114.71700287","KBLH","smallest_airport"
"UAH","Ua Huka Airport","Ua Huka","PF","-8936228","-139554062","NTMU","small_airport"
"BNDMS","Ciudad Real International Airport","Ciudad Real","ES","38.856479","-3.969944","LERL","medium_airport"
"EAT","Pangborn Memorial Airport","Wenatchee","US","47398899","-120207001","KEAT","medium_airport"
"GDT","JAGS McCartney International Airport","Cockburn Town","TC","21.4445","-71.142303","MBGT","very_small_airport"
"XSUKU","Buta Zega Airport","Buta","CD","2.818058","24.793997","FZKJ","medium_airport"
"NEQAK","Macenta Airport","Macenta","GN","8.481456","-9.526048","GUMA","small_airport"
"ZXT","Zabrat Airport","Zabrat","AZ","40.494884C","49.977065Y","UBTT","medium_airport"
"YHT","Haines Junction Airport","Haines Junction","CA","60.7892","-137.546005","CYHT","private_airport"
"QHVAS","Destin Executive Airport","Destin","US","30.400101","-86.471497","KDTS","medium_airport"
"MEO","Dare County Regional Airport","Manteo","US","3591879","-75695662","KMQI","small_airport"
"PTZ","Rio Amazonas Airport","Shell Mera","EC","-150524","-78062698","SESM","small_airport"
"OTH","Southwest Oregon Regional Airport","North Bend","US","43.417099","-124.2460022","KOTH","smallest_airport"
"BUA","Buka Airport","Buka Island","PG","-5.422299","154.672698","AYBK","smallest_airport"
"RIHBS","Jack Edwards National Airport","Gulf Shores","US","30.290501","-87.671799","KJKA","small_airport"
"EDM","La Roche-sur-Yon Les Ajoncs Airport","La Roche-sur-Yon","FR","46.7019B","-1.37863X","LFRI","medium_airport"
"LTGRC","Alldays Airport","Alldays","ZA","-22.679001","29.0555","FAAL","small_airport"
"PWQ","Pavlodar Airport","Pavlodar","KZ","52.19499969C","77.07389832X","UASP","medium_airport"
"WMX","Wamena Airport","Wamena","ID","-4.097324","138.952417","WAVV","smallest_airport"
"IGR","Cataratas Del Iguazú International Airport","Puerto Iguazu","AR","-25.737301A","-54.4734Z","SARI","medium_airport"
"IPE","Ipil Airport","Ipil","PH","7.784898","122.6015","RPMV","very_small_airport"
"XMVKL","Letung Airport","Bukit Padi","ID","2.96447","105.75484","WIDL","small_airport"
"KZI","Kozani National Airport Filippos","Kozani","GR","40286098","21840799","LGKZ","medium_airport"
"TKNMN","Mafia Airport","Kilindoni","TZ","-7.917478","39.668502","HTMA","small_airport"
"UCTPE","Tucson International Airport / Morris Air National Guard Base","Tucson","US","32.115004","-110.938053","KTUS","medium_airport"
"COM","Coleman Municipal Airport","Coleman","US","3184110069","-994036026","KCOM","small_airport"
"MUO","Mountain Home Air Force Base","Mountain Home","US","43.043598","-115.872002","KMUO","private_airport"
"KRQWC","TSTC Waco Airport","Waco","US","31.641129","-97.073335","KCNW","small_airport"
"BHYLB","White Mountain Airport","White Mountain","US","64.689201","-163.412994","PAWM","small_airport"
" EBGS","Domingo Faustino Sarmiento Airport","San Juan","AR","-31.571501","-68.418198","SANU","medium_airport"
"TXM","Teminabuan Airport","Atinjoe","ID","-1.44545","132.021139","WAST","private_airport"
"LDB","Governor José Richa Airport","Londrina","BR","-23.334375","-51.128365","SBLO","very_small_airport"
"SVN","Hunter Army Air Field","Savannah","US","32.00999832","-81.14569855","KSVN","smallest_airport"
"ODJ","Ouanda Djallé Airport","Ouanda Djallé","CF","8.89999962","22.78300095","FEGO","private_airport"
"SXS","Sahabat [Sahabat 16] Airport","Sahabat","MY","508778","11909400177","WBKH","small_airport"
"HEE","Thompson-Robbins Airport","West Helena","US","34.576571A","-90.67616X","KHEE","small_airport"
"GUJ","Edu Chaves Field","Guaratinguetá","BR","-22.791599A","-45.2048Z","SBGW","medium_airport"
"NRLCS","Arusha Airport","Arusha","TZ","-3.36778998","36.63330078","HTAR","medium_airport"
"HMR","Hamar Lufthavn, Stavsberg","Hamar","NO","608181","11068","ENHA","small_airport"
"BYS","Bicycle Lake Army Air Field","Fort Irwin/Barstow","US","35.2804985","-116.62999725","KBYS","private_airport"
"BPM","Begumpet Airport","Hyderabad","IN","174531","78467598","VOHY","medium_airport"
"YLDPH","Alula Aba Nega Airport","Mekele","ET","13.4674","39.533501","HAMK","medium_airport"
"SOCRC","Gallup Municipal Airport","Gallup","US","35.511653","-108.788166","KGUP","medium_airport"
"MMPZJ","Mae Hong Son Airport","Mae Hong Son","TH","19.3013","97.9758","VTCH","medium_airport"
"VEG","Maikwak Airport","Maikwak","GY","4.898172","-59.817027","SYMK","private_airport"
"HWD","Hayward Executive Airport","Hayward","US","37.65919876","-122.12200165","KHWD","smallest_airport"
"X VRM","Finke Airport","Finke","AU","-25.59469986","134.58299255","YFNE","small_airport"
"XSFOJ","Saint-Laurent-du-Maroni Airport","Saint-Laurent-du-Maroni","GF","5.48306","-54.034401","SOOM","small_airport"
"WQFIA","Kramfors-Sollefteå Höga Kusten Airport","Nyland","SE","63.048599","17.7689","ESNK","medium_airport"
"AJA","Ajaccio Napoléon Bonaparte airport","Ajaccio","FR","41.923599","8.80292","LFKJ","private_airport"
"WTD","West End Airport","West End","BS","26.685301","-78.974998","MYGW","private_airport"
"BZ GC","Las Vegas Airport","Rio Dulce","GT","15.668363","-88.961763","MGRD","small_airport"
"VEGYN","Presidente General Don Oscar D. Gestido International Airport","Rivera","UY","-30.9746","-55.4762","SURV","small_airport"
"ZNTKV","São Jorge Airport","Velas","PT","38.665501","-28.1758","LPSJ","medium_airport"
"ESR","Ricardo García Posada Airport","El Salvador","CL","-263111","-69765198","SCES","medium_airport"
"PTG","Polokwane International Airport","Polokwane","ZA","-23845269","29458615","FAPP","medium_airport"
"NWA","Mohéli Bandar Es Eslam Airport","Fomboni","KM","-12.2981","43.766399","FMCI","private_airport"
"OKPBC","Denpasar I Gusti Ngurah Rai International Airport","Kuta, Badung","ID","-8.748409","115.167123","WADD","large_airport"
"HTZ","Hato Corozal Airport","Hato Corozal","CO","6.153311","-71.761969","SKHC","smallest_airport"
"PMF","Parma Airport","Parma (PR)","IT","44.826351","10.29705","LIMP","private_airport"
"TLO","Tol Airport","Tol","PG","-498083019","15200999451","AYXO","small_airport"
"GET","Geraldton Airport","Moonyoonooka","AU","-28.796101","114.707001","YGEL","very_small_airport"
"JSY","Syros Airport","Syros Island","GR","37.42279816","24.95089912","LGSO","smallest_airport"
"VD SU","Shindand Air Base","Shindand","AF","33.3913","62.261002","OASD","small_airport"
"TPS","Vincenzo Florio Airport Trapani-Birgi","Trapani (TP)","IT","37.9114","12.488","LICT","private_airport"
"JUI","Juist Airport","Juist","DE","53681421","7056398","EDWJ","small_airport"
"BNVTM","Nkaus Airport","Nkaus","LS","-30.02169991","28.19689941","FXNK","small_airport"
"ETR","Santa Rosa - Artillery Colonel Victor Larrea International Airport","Santa Rosa","EC","-3441986","-79996957","SERO","medium_airport"
"DJWCE","Ain Arnat Airport","Sétif","DZ","36.17810059","5.32449007","DAAS","medium_airport"
"SQY","São Lourenço do Sul Airport","São Lourenço Do Sul","BR","-31.38330078","-52.03279877","SSRU","smallest_airport"
"DBRLJ","Hwange National Park Airport","Gwayi River Farms","ZW","-18.6299","27.021","FVWN","medium_airport"
"GJKXS","Middle Georgia Regional Airport","Macon","US","32.69279861","-83.64920044","KMCN","medium_airport"
"MBA","Moi International Airport","Mombasa","KE","-4.03483","39.5942","HKMO","very_small_airport"
"SDQCL","Jiujiang Lushan Airport","Jiujiang","CN","29.476944","115.801111","ZSJJ","small_airport"
"STI","Cibao International Airport","Santiago","DO","19.40609932","-70.60469818","MDST","smallest_airport"
"BRT","Bathurst Island Airport","Wurrumiyanga","AU","-11.764966B","130.615774Y","YBTI","medium_airport"
"NXYFD","Uru Harbour Airport","Atoifi","SB","-8.87333","161.011002","AGAT","small_airport"
"YHPQK","Mykolaiv International Airport","Nikolayev","UA","47.057899","31.9198","UKON","medium_airport"
"VJXMD","Pamplona Airport","Pamplona","ES","42.77","-1.64633","LEPP","medium_airport"
"HDF","Heringsdorf Airport","Zirchow","DE","53.8787","14.1523","EDAH","private_airport"
"TDN","Theda Station Airport","Drysdale River","AU","-14.790567","126.498041","YTHD","very_small_airport"
"KAM","Kamaran Airport","Kamaran","YE","15.368755","42.612515","OYKM","very_small_airport"
"NYZTR","Keesler Air Force Base","Biloxi","US","30.41040039","-88.92440033","KBIX","medium_airport"
"IWZSD","Cherif Al Idrissi Airport","Al Hoceima","MA","35.177101","-3.83952","GMTA","medium_airport"
"KRY","Karamay Airport","Karamay","CN","45.46655","84.9527","ZWKM","very_small_airport"
"JZGXT","Beledweyne Airport","Beledweyne","SO","4.766976","45.2388","HCMN","small_airport"
"RWI","Rocky Mount Wilson Regional Airport","Rocky Mount","US","35.8563C","-77.891899Y","KRWI","medium_airport"
"UPHOS","Khowai Airport","Khowai","IN","24.061899","91.603897","VEKW","small_airport"
"UVO","Uvol Airport","Uvol","PG","-6.0178","150.9557","AYUZ","private_airport"
"CLN","Brig. Lysias Augusto Rodrigues Airport","Carolina","BR","-732044","-47458698","SBCI","medium_airport"
"XTL","Tadoule Lake Airport","Tadoule Lake","CA","58.706308","-98.511057","CYBQ","private_airport"
"LRH","La Rochelle Île de Ré Airport","La Rochelle","FR","46.179199B","-1.19528Y","LFBH","medium_airport"
"LFM","Lamerd Airport","Lamerd","IR","27.3727C","53.188801Z","OISR","medium_airport"
"WCTYD","Middle Caicos Airport","Middle Caicos","TC","21.82602","-71.8025","MBMC","small_airport"
"BPD","Bapi Airstrip","Bapi","PG","-7.74361111","147.02055556","AYBP","very_small_airport"
"WGO","Winchester Regional Airport","Winchester","US","39.14350128","-78.14440155","KOKV","very_small_airport"
"JHWQB","Westray Airport","Westray","GB","59.35029984","-2.95000005","EGEW","small_airport"
"FCJPG","Moffett Federal Airfield","Mountain View","US","37.4161","-122.049004","KNUQ","medium_airport"
"SMX","Santa Maria Public Airport Captain G Allan Hancock Field","Santa Maria","US","34.898899B","-120.457001X","KSMX","medium_airport"
"UTE","Bultfontein Airport","Bultfontein","ZA","-28.273369","26.135835","FABU","very_small_airport"
"PYR","Andravida Air Base","Andravida","GR","37.9207","21.292601","LGAD","very_small_airport"
"CYDYU","Mary Walker LZ Airport","Bowling Green","US","38.068631","-77.319318","KAPH","small_airport"
"DNA","Kadena Air Base","Okinawa","JP","26.351667","127.769444","RODN","very_small_airport"
"YHI","Ulukhaktok Holman Airport","Ulukhaktok","CA","70.762802","-117.806","CYHI","very_small_airport"
"YQW","North Battleford Airport","North Battleford","CA","52.769409","-108.243742","CYQW","private_airport"
"NOGDS","Booue Airport","Booue","GA","-0.1075","11.9438","FOGB","small_airport"
"VHS D","El Tehuelche Airport","Puerto Madryn","AR","-42.7592","-65.1027","SAVY","medium_airport"
"ALKQU","Sengapi Airstrip","Sengapi","PG","-5.12583333","144.32361111","AYSK","small_airport"
"BOU","Bourges airport","Bourges","FR","47.060158","2.369633","LFLD","smallest_airport"
"LKKGW","Asosa Airport","Asosa","ET","10.01850033","34.5862999","HASO","medium_airport"
"TLH","Tallahassee Regional Airport","Tallahassee","US","303965","-84350304","KTLH","medium_airport"
"UXNWH","Sitia Airport","Crete Island","GR","35.21609879","26.10129929","LGST","medium_airport"
"CMU","Chimbu Airport","Kundiawa","PG","-6.02429008","144.97099304","AYCH","smallest_airport"
"OEJTI","Aachen-Merzbrück Airport","Aachen","DE","50.823055","6.186389","EDKA","small_airport"
"SVR","Savissivik Heliport","Savissivik","GL","76018613","-65117683","BGSV","heliport"
"OKV","Okao Airport","Okao","PG","-5.55666667C","141.03277778Y","AYOF","small_airport"
"PRX","Cox Field","Paris","US","3363660049","-9545079803","KPRX","medium_airport"
"FGBTH","Gamarmalamo Airport","Galela-Celebes Island","ID","1.83833","127.786003","WAEG","small_airport"
"PHWIL","Mosul International Airport","Mosul","IQ","36.305801","43.1474","ORBM","medium_airport"
"YAT","Attawapiskat Airport","Attawapiskat","CA","52.927502A","-82.4319X","CYAT","small_airport"
"YVQ","Norman Wells Airport","Norman Wells","CA","65.28160095B","-126.79799652X","CYVQ","medium_airport"
"GWO","Greenwood–Leflore Airport","Greenwood","US","33.495025","-90.088204","KGWO","private_airport"
"KNQ","Koné Airport","Koné","NC","-21.053551A","164.838768Y","NWWD","medium_airport"
"PMZ","Palmar Sur Airport","Palmar Sur","CR","8.95103","-83.468597","MRPM","private_airport"
" VYGI","Bristol Airport","Bristol","GB","51.382702","-2.71909","EGGD","medium_airport"
"PAD","Paderborn Lippstadt Airport","Büren","DE","51614101","861632","EDLP","medium_airport"
"FPXIH","Villa International Airport Maamigili","Maamigili","MV","3.470556","72.835833","VRMV","medium_airport"
"YGYXH","St Louis Downtown Airport","Cahokia/St Louis","US","38.5707016","-90.15619659","KCPS","small_airport"
"VHFLW","Tsaratanana Airport","Tsaratanana","MG","-16.751064","47.619016","FMNT","small_airport"
"GSN","Mount Gunson Airport","Mount Gunson","AU","-31.4597A","137.17444333Z","YMGN","small_airport"
"AHUYU","Cecil Airport","Jacksonville","US","30.2187","-81.876701","KVQQ","medium_airport"
"KPFXJ","Silur Airport","Silur Mission","PG","-4.52988889","153.05444444","AYZI","small_airport"
"NKQAB","Winnipeg / James Armstrong Richardson International Airport","Winnipeg","CA","49.90999985","-97.23989868","CYWG","large_airport"
"ILPYW","Guanambi Airport","Guanambi","BR","-14.2082","-42.746101","SNGI","small_airport"
"PTPXK","Biangabip Airport","Biangabip","PG","-5.526389","141.744583","AYBQ","small_airport"
"GAN","Gan International Airport","Gan","MV","-0692694","73151557","VRMG","medium_airport"
"IFU","Ifuru Airport","Ifuru Island","MV","57083","73025","VREI","small_airport"
"PUU","Tres De Mayo Airport","Puerto Asís","CO","0.505228","-76.5008","SKAS","private_airport"
"IZM","Selçuk Efes Airport","Selçuk","TR","37.950699","27.329","LTFB","smallest_airport"
"EGL","Negele Airport","Negele Borana","ET","5.2897","39.7023","HANG","very_small_airport"
"WDH","Hosea Kutako International Airport","Windhoek","NA","-22.4799","17.4709","FYWH","very_small_airport"
"WKJ","Wakkanai Airport","Wakkanai","JP","45.40420151","141.80099487","RJCW","smallest_airport"
"CHN","Jeonju (G 703) Air Base","Jeonju","KR","35.878289","127.11894","RKJU","private_airport"
"OBN","Oban Airport","North Connel","GB","56463501","-539967","EGEO","small_airport"
"UOA","Moruroa Airport","Moruroa Atoll","PF","-21.80978","-138.813385","NTTX","very_small_airport"
"GNQAA","Pantelleria Airport","Pantelleria (TP)","IT","36.816502","11.9689","LICG","medium_airport"
"BRD","Brainerd Lakes Regional Airport","Brainerd","US","46.402861A","-94.129727Z","KBRD","medium_airport"
"BPH","Bislig Airport","Bislig","PH","8.195052A","126.321015X","RPMF","medium_airport"
"SST","Santa Teresita Airport","Santa Teresita","AR","-36.5423","-56.7218","SAZL","very_small_airport"
"RND","Randolph Air Force Base","Universal City","US","29.529699","-98.2789","KRND","smallest_airport"
"SKZ","Sukkur Airport","Mirpur Khas","PK","27.72200012","68.79170227","OPSK","very_small_airport"
"MWM","Windom Municipal Airport","Windom","US","43913399","-95109398","KMWM","small_airport"
"ELO","El Dorado Airport","El Dorado","AR","-26.397499","-54.574699","SATD","smallest_airport"
"NDA","Bandanaira Airport","Bandanaira","ID","-45214","1299054","WAPC","small_airport"
"RNO H","Kyzylorda Airport","Kyzylorda","KZ","44.706902","65.592499","UAOO","small_airport"
"LOLML","Kansai International Airport","Osaka","JP","34.427299","135.244003","RJBB","large_airport"
"PFB","Lauro Kurtz Airport","Passo Fundo","BR","-28243976","-5232777","SBPF","medium_airport"
"TQA","Tasiusaq Heliport","Tasiusaq","GL","73.373055","-56.06028","BGTA","very_small_airport"
"PXRPK","Chefornak Airport","Chefornak","US","60.136667","-164.279167","PACK","small_airport"
"KPC","Port Clarence Coast Guard Station","Port Clarence","US","6525370026","-16685899353","PAPC","medium_airport"
"HLB","Batesville Airport","Batesville","US","39342861","-85258441","KHLB","small_airport"
"SBU","Springbok Airport","Springbok","ZA","-29.68930054","17.93959999","FASB","very_small_airport"
"TBZJD","Aktion National Airport","Preveza","GR","38.925499","20.765301","LGPZ","medium_airport"
"MVO","Mongo Airport","Mongo","TD","12.17048","18.675642","FTTM","very_small_airport"
"AWD","Aniwa Airport","Aniwa","VU","-19.2346","169.6009","NVVB","smallest_airport"
"RGJIB","Tuzla International Airport","Dubrave Gornje","BA","44.458698","18.7248","LQTZ","medium_airport"
"KEI","Kepi Airport","Kepi","ID","-65418","1393318","WAKP","small_airport"
"JLN","Joplin Regional Airport","Joplin","US","37.151798","-94.498299","KJLN","smallest_airport"
"QPG","Paya Lebar Air Base","Paya Lebar","SG","1.36042","103.910004","WSAP","smallest_airport"
"YDA","Dawson City Airport","Dawson City","CA","64.04309845","-139.12800598","CYDA","smallest_airport"
"HQQVW","Melbourne Moorabbin Airport","Melbourne","AU","-37.97579956","145.102005","YMMB","medium_airport"
"CJF","Coondewanna Airport","Coondewanna","AU","-22.9666996","118.81300354","YCWA","very_small_airport"
"FKL","Venango Regional Airport","Franklin","US","41.37789917","-79.86039734","KFKL","smallest_airport"
"KKO","Kaikohe Airport","Kaikohe","NZ","-35451099","173817001","NZKO","small_airport"
"VCD","Victoria River Downs Airport","Victoria River","AU","-16.402124","131.004974","YVRD","very_small_airport"
"RGK","Gorno-Altaysk Airport","Gorno-Altaysk","RU","51.969204B","85.836539X","UNBG","medium_airport"
"FAU","Fahud Airport","Fahud","OM","22.354759A","56.484146Z","OOFD","small_airport"
"EDR","Pormpuraaw Airport","Pormpuraaw","AU","-14.896451A","141.60908Z","YPMP","small_airport"
"LOZ","London-Corbin Airport/Magee Field","London","US","37.0821991","-84.0848999","KLOZ","very_small_airport"
"XAY M","Nuevo Chaitén Airport","Chaitén","CL","-42.781943","-72.834999","SCTN","medium_airport"
"JZH","Jiuzhai Huanglong Airport","Ngawa (Songpan)","CN","32.853333A","103.682222X","ZUJZ","medium_airport"
"AOL","Paso De Los Libres Airport","Paso de los Libres","AR","-29.6894A","-57.1521Y","SARL","medium_airport"
"UBP","Ubon Ratchathani Airport","Ubon Ratchathani","TH","1525129986","10487000275","VTUU","medium_airport"
"DXD","Dixie Airport","New Dixie","AU","-1511749443","14331604958","YDIX","small_airport"
"POD","Podor Airport","Podor","SN","16.678155","-14.964957","GOSP","private_airport"
"CCJ","Calicut International Airport","Calicut","IN","111368","75955299","VOCL","medium_airport"
"KGD","Khrabrovo Airport","Kaliningrad","RU","54.88999939","20.59259987","UMKK","very_small_airport"
"KIS","Kisumu Airport","Kisumu","KE","-0.086139","34.72890091","HKKI","smallest_airport"
"BPN","Sultan Aji Muhammad Sulaiman Sepinggan International Airport","Balikpapan","ID","-1.268342","116.89452","WALL","very_small_airport"
"VVC","Vanguardia Airport","Villavicencio","CO","4.16787","-73.6138","SKVV","private_airport"
"JYUFX","Skellefteå Airport","Skellefteå","SE","64.62480164","21.07690048","ESNS","medium_airport"
"PNS","Pensacola International Airport","Pensacola","US","30.4734","-87.1866","KPNS","smallest_airport"
"SRG","Achmad Yani Airport","Semarang","ID","-6970732","110373244","WAHS","medium_airport"
"DAD","Da Nang International Airport","Da Nang","VN","16.0439","108.198997","VVDN","very_small_airport"
"KOO","Kongolo Airport","Kongolo","CD","-5.393898","26.989932","FZRQ","very_small_airport"
"YAZXQ","Alderney Airport","Saint Anne","GG","49.706104","-2.21472","EGJA","medium_airport"
"RHV","Reid-Hillview Airport of Santa Clara County","San Jose","US","37.332901C","-121.81900024Y","KRHV","small_airport"
"ROK","Rockhampton Airport","Rockhampton","AU","-23.380019","150.475359","YBRK","smallest_airport"
"MHM","Manaoba Airport","Manaoba","SB","-8.325008A","160.80051X","AGOB","small_airport"
"MVN","Mount Vernon Outland Airport","Mount Vernon","US","38.322774","-88.859257","KMVN","smallest_airport"
"KSD","Karlstad Airport","Karlstad","SE","59444698","133374","ESOK","medium_airport"
"NALTX","Cuamba Airport","Cuamba","MZ","-14.815","36.529999","FQCB","small_airport"
"SAN","San Diego International Airport","San Diego","US","32.73360062B","-117.19000244Z","KSAN","large_airport"
"HEXXV","Inhambane Airport","Inhambane","MZ","-23.8764","35.408501","FQIN","medium_airport"
"ZHM","Shamshernagar Airport","Shamshernagar","BD","24.398333","91.916944","VGSH","very_small_airport"
"MLY","Manley Hot Springs Airport","Manley Hot Springs","US","64.99188A","-150.644102X","PAML","small_airport"
"NME","Nightmute Airport","Nightmute","US","60469129","-16470407","PAGT","small_airport"
"KBU","Gusti Syamsir Alam Airport","Stagen","ID","-3.294796","116.163815","WAOK","smallest_airport"
"HFN","Hornafjörður Airport","Höfn","IS","64.295601","-15.2272","BIHN","very_small_airport"
"TUI","Turaif Domestic Airport","Turaif","SA","31.692188A","38.731544Y","OETR","medium_airport"
"SUHJI","Perm International Airport","Perm","RU","57.914501","56.021198","USPP","medium_airport"
"COCQN","Cape Girardeau Regional Airport","Cape Girardeau","US","37.2253","-89.570801","KCGI","medium_airport"
"VPFJG","Raufarhöfn Airport","Raufarhöfn","IS","66.406403","-15.9183","BIRG","small_airport"
"HUH","Huahine-Fare Airport","Fare","PF","-16.687084","-151.021593","NTTH","private_airport"
"JATWI","Key West International Airport","Key West","US","24.556101","-81.759598","KEYW","medium_airport"
"DSZ K","Hluhluwe Airport","Hluhluwe","ZA","-28.01660499","32.27517128","FAHL","small_airport"
"TIF","Ta’if Regional Airport","Ta’if","SA","21483001","40543442","OETF","medium_airport"
"BIL","Billings Logan International Airport","Billings","US","45.807701","-108.542999","KBIL","private_airport"
"MVD","Carrasco General Cesáreo L. Berisso International Airport","Ciudad de la Costa","UY","-34.835647","-56.026497","SUMU","very_small_airport"
"YSLCB","Ballalae Airport","Ballalae","SB","-6.990745","155.886656","AGGE","small_airport"
"MYN","Marib Airport","Marib","YE","15.469228C","45.327272Z","OYMB","small_airport"
"GRUIB","Burgas Airport","Burgas","BG","42.569917","27.515173","LBBG","large_airport"
"BKOFG","Guemar Airport - مطار قمار بالوادي","Guemar","DZ","33.511398","6.77679","DAUO","medium_airport"
"SEB","Sabha Airport","Sabha","LY","26.992452B","14.466162X","HLLS","medium_airport"
"JTIAE","Sofia Airport","Sofia","BG","42.696357","23.417671","LBSF","large_airport"
"WIL","Nairobi Wilson Airport","Nairobi","KE","-1.32172","36.81480026","HKNW","private_airport"
"GFF","Griffith Airport","Griffith","AU","-34.25080109","146.06700134","YGTH","very_small_airport"
"JOT","Joliet Regional Airport","Joliet","US","41.51779938","-88.17549896","KJOT","very_small_airport"
"ZEN","Zenag Airport","Zenag","PG","-6.95222222B","146.61625Y","AYZA","small_airport"
"IBZLK","Tep Tep Airport","Teptep","PG","-5.9553","146.5595","AYTP","small_airport"
"RXE","Rexburg Madison County Airport","Rexburg","US","43.8339A","-111.805002Y","KRXE","small_airport"
"KKVGB","Menominee–Marinette Twin County Airport","Menominee","US","45.126701","-87.638397","KMNM","small_airport"
" SOF ","Tabou Airport","Tabou","CI","4.43780947","-7.36272812","DITB","small_airport"
"XMD","Madison Municipal Airport","Madison","US","44.01599884C","-97.08589935Z","KMDS","small_airport"
"HYV","Hyvinkää Airfield","Hyvinkää","FI","60.6544C","24.8811X","EFHV","small_airport"
"RCY","Rum Cay International Airport","Port Nelson","BS","23.68344C","-74.836302Y","MYRP","small_airport"
"SBCJF","Shimojishima Airport","Miyakojima","JP","24.8267","125.144997","RORS","medium_airport"
"MFD","Mansfield Lahm Regional Airport","Mansfield","US","40.82139969A","-82.51660156Y","KMFD","medium_airport"
"JWO","Jungwon Air Base/Chungju Airport","Gimseang-ro","KR","3703024","127886353","RKTI","medium_airport"
"PWO","Pweto Airport","Pweto","CD","-8.400768","28.926285","FZQC","private_airport"
"BCX","Beloretsk Airport","Beloretsk","RU","53.938389","58.340113","UWUB","very_small_airport"
"STE","Stevens Point Municipal Airport","Stevens Point","US","44.54520035","-89.53029633","KSTE","smallest_airport"
"AMS","Amsterdam Airport Schiphol","Amsterdam","NL","52.308601","4.76389","EHAM","private_airport"
"PAG","Pagadian Airport","Pagadian","PH","7.825632A","123.459635Z","RPMP","medium_airport"
"OSY","Namsos Airport","Namsos","NO","64.472198","11.5786","ENNM","smallest_airport"
"PKJ","Playa Grande Airport","Playa Grande","GT","15.9975","-90.741699","MGPG","smallest_airport"
"ONIKD","General Antonio Cárdenas Rodríguez National Airport / Ixtepec Air Base","Ixtepec","MX","16.445961","-95.093708","MMIT","medium_airport"
"ANN","Annette Island Airport","Metlakatla","US","55.037663A","-131.572609X","PANT","medium_airport"
" ULRO","Mefford Field","Tulare","US","36.15629959","-119.3259964","KTLR","small_airport"
"RVHRM","Mobridge Municipal Airport","Mobridge","US","45.54650116","-100.4079971","KMBG","medium_airport"
"XJD","Al Udeid Air Base","Ar Rayyan","QA","2511730003","5131499863","OTBH","medium_airport"
"TVS","Tangshan Sannühe Airport","Tangshan (Fengrun)","CN","39.7178","118.002625","ZBSN","smallest_airport"
"PAKQD","Tivat Airport","Tivat","ME","42.40470123","18.72330093","LYTV","medium_airport"
"YDN","Dauphin Barker Airport","Dauphin","CA","51.1008","-100.052002","CYDN","private_airport"
"KKC","Khon Kaen Airport","Khon Kaen","TH","1646660042","10278399658","VTUK","medium_airport"
"SWA","Jieyang Chaoshan International Airport","Jieyang (Rongcheng)","CN","23552","1165033","ZGOW","medium_airport"
"PFYZP","Kukës International Airport","Kukës","AL","42.035802","20.415955","LAKU","medium_airport"
"HAA","Hasvik Airport","Hasvik","NO","70.486702","22.1397","ENHK","smallest_airport"
"FQGUI","Sialum Airport","Sialum","PG","-6.0908","147.5955","AYQS","small_airport"
"CDI","Cachoeiro do Itapemirim - Raimundo de Andrade Airport","Cachoeiro do Itapemirim","BR","-20.834299A","-41.1856Y","SNKI","small_airport"
"GLV","Golovin Airport","Golovin","US","64.550499","-163.007004","PAGL","private_airport"
"YKJ","Key Lake Airport","Key Lake","CA","572560997","-10561799622","CYKJ","medium_airport"
"CMDIV","Stan Stamper Municipal Airport","Hugo","US","34.03480148","-95.54190063","KHHW","small_airport"
"MOSVM","Nellis Air Force Base","Las Vegas","US","36.23619843","-115.03399658","KLSV","medium_airport"
"EIKSF","El Golea Airport","El Menia","DZ","30.580732","2.861595","DAUE","medium_airport"
"BOP","Bouar Airport","Bouar","CF","5.95800018","15.63700008","FEFO","private_airport"
"BOC","Bocas del Toro International Airport","Isla Colón","PA","934085","-82250801","MPBO","medium_airport"
"YVD","Yeva Airport","Yeva","PG","-7548","146188","AYXE","small_airport"
"PWT","Bremerton National Airport","Bremerton","US","47.49020004C","-122.76499939Y","KPWT","medium_airport"
"BUGCD","Porto Amboim Airport","Port Amboim","AO","-10.722","13.7655","FNPA","medium_airport"
"SHV","Shreveport Regional Airport","Shreveport","US","32.446602B","-93.8256X","KSHV","medium_airport"
"GIL","Gilgit Airport","Gilgit","PK","3591880035","7433360291","OPGT","medium_airport"
"OSTAH","Castellón-Costa Azahar Airport","Castellón de la Plana","ES","40.213889","0.073333","LECH","medium_airport"
"WFOOZ","Maryborough Airport","Maryborough","AU","-25.513528","152.713603","YMYB","small_airport"
"RLUIU","Bokondini Airport","Bokondini","ID","-3.68455","138.677437","WAJB","small_airport"
"TBW","Donskoye Airport","Tambov","RU","52.806099","41.4828","UUOT","smallest_airport"
"SLU","George F. L. Charles Airport","Castries","LC","140202","-60992901","TLPC","medium_airport"
"OAX","Xoxocotlán International Airport","Oaxaca","MX","17.000814","-96.72197","MMOX","very_small_airport"
"AAB","Arrabury Airport","Tanbar","AU","-26.69639","141.048718","YARY","smallest_airport"
"SKRLX","Santa Maria Airport","Vila do Porto","PT","36.97140121","-25.17060089","LPAZ","medium_airport"
"YLTNU","Valesdir Airport","Epi Island","VU","-16.79610062","168.17700195","NVSV","small_airport"
"BLN","Benalla Airport","Benalla","AU","-36.551899","146.007004","YBLA","private_airport"
"FNB","Neubrandenburg Trollenhagen Airport","Trollenhagen","DE","53.6022A","13.306X","EDBN","medium_airport"
"BCI","Barcaldine Airport","Barcaldine","AU","-23566268","145302086","YBAR","medium_airport"
"TCQ","Coronel FAP Carlos Ciriani Santa Rosa International Airport","Tacna","PE","-1805330086","-7027580261","SPTN","medium_airport"
"ANB","Anniston Regional Airport","Anniston","US","33.5882","-85.8581","KANB","very_small_airport"
"SLV","Shimla Airport","Jubbarhatti","IN","31.0818C","77.068001X","VISM","small_airport"
"FWEEO","Nanyang Jiangying Airport","Nanyang (Wancheng)","CN","32.982696","112.617467","ZHNY","small_airport"
"OHOGA","Pierre Regional Airport","Pierre","US","44.38270187","-100.2860031","KPIR","medium_airport"
"NFQGM","Dianópolis Airport","Dianópolis","BR","-11.5954","-46.846699","SWDN","small_airport"
"ARM","Armidale Airport","Armidale","AU","-3052809906","1516170044","YARM","medium_airport"
"MSQDD","Khatgal Airport","Hatgal","MN","50.435988","100.139532","ZMHG","small_airport"
"IZA","Presidente Itamar Franco Airport","Juiz de Fora","BR","-21.513086","-43.173069","SBZM","very_small_airport"
"AIR","Aripuanã Airport","Aripuanã","BR","-10187375","-59457469","SSOU","small_airport"
"QHXEA","Carajás Airport","Parauapebas","BR","-6.117841","-50.003372","SBCJ","medium_airport"
"FBNAJ","Lakeland Linder International Airport","Lakeland","US","27.987656","-82.018776","KLAL","medium_airport"
"PSRWE","Ust-Kamenogorsk Airport","Ust-Kamenogorsk (Oskemen)","KZ","50.036571","82.493477","UASK","medium_airport"
"TAY","Tartu Airport","Reola","EE","58.307438B","26.686473Z","EETU","medium_airport"
"MTO","Coles County Memorial Airport","Mattoon","US","39477901","-88279198","KMTO","small_airport"
"MVR","Salak Airport","Maroua","CM","10.4513998","14.25739956","FKKL","very_small_airport"
"RUM","Rumjatar Airport","Rumjatar","NP","27.303499","86.5504","VNRT","very_small_airport"
"MWH","Grant County International Airport","Moses Lake","US","47.20769882","-119.3199997","KMWH","private_airport"
"UBJ","Yamaguchi Ube Airport","Ube","JP","33.93000031","131.27900696","RJDC","smallest_airport"
"MJAUZ","Kristianstad Airport","Kristianstad","SE","55.9217","14.0855","ESMK","medium_airport"
"JJM","Mulika Lodge Airport","Meru-Kinna","KE","0.165083","38.195141","HKMK","private_airport"
"OVR","Olavarria Airport","Olavarria","AR","-36889999","-60216599","SAZF","small_airport"
"AUV","Aumo Airport","Aumo","PG","-5.73111111","148.44527778","AYUM","smallest_airport"
"SPWDQ","Grand-Santi Airport","Grand-Santi","GF","4.285833","-54.373056","SOGS","small_airport"
"YIN","Yining Airport","Ili (Yining / Ghulja)","CN","43955799","81330299","ZWYN","small_airport"
"KURSP","Sado Airport","Sado","JP","38.06019974","138.41400147","RJSD","medium_airport"
"STJ","Rosecrans Memorial Airport","St Joseph","US","39.77190018B","-94.90969849X","KSTJ","medium_airport"
"NCL","Newcastle International Airport","Newcastle upon Tyne, Tyne and Wear","GB","55.037958","-1.689577","EGNT","private_airport"
"JOSSC","Fascene Airport","Nosy Be","MG","-13.3121","48.3148","FMNN","medium_airport"
"MAS","Momote Airport","Manus Island","PG","-2.06189","147.423996","AYMO","smallest_airport"
"FQCEE","Uléi Airport","Ambrym Island","VU","-16.3297","168.3011","NVSU","small_airport"
"MBFKF","Maury County Airport","Columbia/Mount Pleasant","US","35.55410004","-87.17890167","KMRC","small_airport"
"MZR","Mazar-i-Sharif International Airport","Mazar-i-Sharif","AF","36.706902","67.209702","OAMS","very_small_airport"
"AFL","Piloto Osvaldo Marques Dias Airport","Alta Floresta","BR","-9.866389","-56.106298","SBAT","private_airport"
"YMH","Mary's Harbour Airport","Mary's Harbour","CA","52.302837","-55.847433","CYMH","very_small_airport"
"BYH","Arkansas International Airport","Blytheville","US","35.96429825","-89.94400024","KBYH","private_airport"
"FEZ","Fes Saïss International Airport","Saïss","MA","33.927299C","-4.97796Y","GMFF","large_airport"
"MJI","Mitiga International Airport","Tripoli","LY","32.89177","13.287878","HLLM","smallest_airport"
"WAPNL","Codrington Airport","Codrington","AG","17.635799","-61.828602","TAPH","medium_airport"
"LSW","Malikus Saleh Airport","Lhok Seumawe-Sumatra Island","ID","5.22668","96.950302","WIMA","smallest_airport"
"THI","Tichitt Airport","Tichitt","MR","18.433942B","-9.486411X","GQNC","small_airport"
"MWE","Merowe Airport","Merowe","SD","18.443333C","31.843333X","HSMN","medium_airport"
"LKWZX","Van Ferit Melen Airport","Van","TR","38.46820068","43.33229828","LTCI","medium_airport"
"SWX","Shakawe Airport","Shakawe","BW","-1837389946","2183259964","FBSW","small_airport"
"NOHNS","Albany Airport","Albany","AU","-34.94329834","117.80899811","YABA","medium_airport"
"LEJ","Leipzig/Halle Airport","Schkeuditz","DE","51.420657","12.232705","EDDP","private_airport"
"GAW","Gangaw Airport","Gangaw","MM","22.17469978A","94.13439941X","VYGG","small_airport"
"SJC","Norman Y. Mineta San Jose International Airport","San Jose","US","37.362452B","-121.929188Y","KSJC","large_airport"
"TIHQL","Tumling Tar Airport","Tumling Tar","NP","27.315001","87.193298","VNTR","small_airport"
"IMJTO","Rabat-Salé Airport","Rabat","MA","34.051498","-6.75152","GMME","large_airport"
"GXF","Seiyun Hadhramaut International Airport","Seiyun","YE","15.9661","48.7883","OYSY","very_small_airport"
" VQOC","Formosa National Airport","Formosa","AR","-26.2127","-58.2281","SARF","medium_airport"
"UDMMP","Yeager Airport","Charleston","US","38.3731","-81.593201","KCRW","medium_airport"
"BDT","Gbadolite Airport","Gbadolite","CD","4.252745","20.975271","FZFD","smallest_airport"
"PEA","Penneshaw Airport","Ironstone","AU","-35.75584629","137.96287537","YPSH","smallest_airport"
"BHK","Bukhara International Airport","Bukhara","UZ","39775002","64483299","UTSB","medium_airport"
"KHY","Khoy Airport","Khoy","IR","3842750168","4497359848","OITK","small_airport"
"HZK","Húsavík Airport","Húsavík","IS","65.952301","-17.426001","BIHU","very_small_airport"
"SPC","La Palma Airport","Sta Cruz de la Palma, La Palma Island","ES","28.626499","-17.7556","GCLA","very_small_airport"
"GIZ","Jizan Regional Airport / King Abdullah bin Abdulaziz Airport","Jizan","SA","16.9011","42.5858","OEGN","smallest_airport"
" KWAE","Tambolaka Airport","Radamata","ID","-9.409224","119.242558","WATK","small_airport"
"EKX","Addington Field / Elizabethtown Regional Airport","Elizabethtown","US","37.686001","-85.925003","KEKX","private_airport"
"HOB","Lea County Regional Airport","Hobbs","US","326875","-103217003","KHOB","medium_airport"
"KDD","Khuzdar Airport","Khuzdar","PK","27.79059982","66.64730072","OPKH","smallest_airport"
"BCH","Cakung Airport","Baucau","TL","-8.486479A","126.399981X","WPEC","medium_airport"
"LDJ","Linden Airport","Linden","US","40.61740112","-74.24459839","KLDJ","smallest_airport"
"RES","Resistencia International Airport","Resistencia","AR","-27.45","-59.0561","SARE","private_airport"
"JST","John Murtha Johnstown Cambria County Airport","Johnstown","US","4031610107","-7883390045","KJST","medium_airport"
"LUNRV","Rafaï Airport","Rafaï","CF","4.98860979","23.92779922","FEGR","small_airport"
"SNL","Shawnee Regional Airport","Shawnee","US","35.35789871","-96.94280243","KSNL","very_small_airport"
"EME","Emden Airport","Emden","DE","53.391109","7.2275","EDWE","private_airport"
"NRE","Namrole Airport","Namrole","ID","-3.85522","126.700902","WAPG","private_airport"
"ZAD","Zadar Airport","Zemunik Donji (Zadar)","HR","44094988","15354879","LDZD","medium_airport"
"PCFEO","Nouakchott–Oumtounsy International Airport","Nouakchott","MR","18.31","-15.969722","GQNO","large_airport"
"YSB","Sudbury Airport","Sudbury","CA","46.625C","-80.79889679Y","CYSB","medium_airport"
"VIA","Videira Airport","Videira","BR","-26999701","-51141899","SSVI","small_airport"
"JLMRV","Igloolik Airport","Igloolik","CA","69.3647","-81.816101","CYGT","small_airport"
"LRMQS","Kabul International Airport","Kabul","AF","34.565899","69.212303","OAKB","medium_airport"
"BVJ","Bovanenkovo Airport","Bovanenkovo","RU","70315278","68333611","USDB","medium_airport"
"BUL","Bulolo Airport","Bulolo","PG","-7.21628667","146.64954186","AYBU","private_airport"
"NOK","Xavantina Airport","Nova Xavantina","BR","-14.697778","-52.347246","SWXV","very_small_airport"
"BSI","Balesin Island Airport","Balesin","PH","14.418624","122.03923","RPLE","very_small_airport"
"DQAZR","Araracuara Airport","Araracuara","CO","-0.600854","-72.398011","SKAC","small_airport"
"PQI","Presque Isle International Airport","Presque Isle","US","46.688999","-68.0448","KPQI","very_small_airport"
"UHQNV","Long Akah Airport","Long Akah","MY","3.310909","114.785553","WBGL","small_airport"
"JRH","Jorhat Airport","Jorhat","IN","26730456","94175416","VEJT","medium_airport"
"RCH","Almirante Padilla Airport","Riohacha","CO","11.5262A","-72.926X","SKRH","medium_airport"
"RNS","Rennes-Saint-Jacques Airport","Saint-Jacques-de-la-Lande, Ille-et-Vilaine","FR","48.0695A","-1.73479Y","LFRN","medium_airport"
"PMV","Del Caribe Santiago Mariño International Airport","Isla Margarita","VE","10.91260338","-63.96659851","SVMG","smallest_airport"
"NMSMC","Sanday Airport","Sanday","GB","59.250301","-2.57667","EGES","small_airport"
"KWL","Guilin Liangjiang International Airport","Guilin (Lingui)","CN","25219828","110039553","ZGKL","large_airport"
"KWJ","Gwangju Airport","Gwangju","KR","35123173","126805444","RKJJ","medium_airport"
"NUX","Novy Urengoy Airport","Novy Urengoy","RU","66.06939697B","76.52030182X","USMU","medium_airport"
"TIXMD","Cattaraugus County-Olean Airport","Olean","US","42.241199","-78.371399","KOLE","small_airport"
"QPGYR","Karasburg Airport","Karasburg","NA","-28.0297","18.7385","FYKB","small_airport"
"R XTT","Sadiq Abubakar III International Airport","Sokoto","NG","12.91629982","5.20719004","DNSO","medium_airport"
"JOM","Njombe Airport","Njombe","TZ","-9.35A","34.799999X","HTNJ","small_airport"
"LAU","Manda Airport","Lamu","KE","-2.252431","40.912892","HKLU","smallest_airport"
"RNZ","Jasper County Airport","Rensselaer","US","40.94789886C","-87.18260193Z","KRZL","small_airport"
"DJB","Sultan Thaha Airport","Jambi","ID","-1.638685A","103.645063X","WIJJ","small_airport"
"AUH","Zayed International Airport","Abu Dhabi","AE","24.443764A","54.651718Y","OMAA","large_airport"
"MAO","Eduardo Gomes International Airport","Manaus","BR","-3.03861A","-60.049702X","SBEG","large_airport"
"DBB","El Alamein International Airport","El Alamein","EG","30.924324","28.46161","HEAL","very_small_airport"
"UWAPS","Ad Dakhla Airport","Dakhla Oases","EG","25.41116","29.003273","HEDK","small_airport"
"BGL","Baglung Airport","Baglung","NP","28.212799","83.666298","VNBL","very_small_airport"
"CPV","Presidente João Suassuna Airport","Campina Grande","BR","-7.269662","-35.896057","SBKG","very_small_airport"
"ADRWT","Morombe Airport","Morombe","MG","-21.753837","43.374753","FMSR","medium_airport"
"EIL","Eielson Air Force Base","Fairbanks","US","64.66570282","-147.102005","PAEI","smallest_airport"
"PSI K","Sochi International Airport","Sochi","RU","43.449902","39.9566","URSS","large_airport"
"LFP","Lakefield Airport","Lakefield","AU","-14.9207","144.203","YLFD","very_small_airport"
"SLW","Plan De Guadalupe International Airport","Saltillo","MX","25.544145","-100.930195","MMIO","very_small_airport"
"HLF","Hultsfred Airport","Hultsfred","SE","57.525799A","15.8233X","ESSF","small_airport"
"HPEPQ","Guaíra Airport","Guaíra","BR","-24.0811","-54.1917","SSGY","small_airport"
"NBB","Barranco Minas Airport","Barranco Minas","CO","3.490691","-69.808151","SKBM","very_small_airport"
" AKGS","Norwich Airport","Norwich, Norfolk","GB","52.6758","1.28278","EGSH","medium_airport"
"TRXXE","Semonkong Airport","Semonkong","LS","-29.8386","28.059999","FXSM","small_airport"
"VLN","Arturo Michelena International Airport","Valencia","VE","10.14973259","-67.92839813","SVVA","private_airport"
"BOD","Bordeaux–Mérignac Airport","Bordeaux","FR","44.82865","-0.715356","LFBD","private_airport"
"ARX","Aracati Dragão do Mar Regional Airport","Aracati","BR","-4.568896","-37.805135","SBAC","private_airport"
"WEF","Weifang Nanyuan Airport","Weifang (Kuiwen)","CN","36.646702","119.119003","ZSWF","private_airport"
"BFM","Mobile Downtown Airport","Mobile","US","30.62680054C","-88.06809998Z","KBFM","medium_airport"
"HAXFI","Fresno Yosemite International Airport","Fresno","US","36.776199","-119.718002","KFAT","medium_airport"
"KPIE ","Kuopio Airport","Kuopio / Siilinjärvi","FI","63.007099","27.7978","EFKU","medium_airport"
"YKAVG","Witu Airport","Garove Island","PG","-4.689522","149.440112","AYIX","small_airport"
"VRE","Vredendal Airport","Vredendal","ZA","-31.64100075B","18.5447998Z","FAVR","medium_airport"
"YSP","Marathon Airport","Marathon","CA","48.75529861C","-86.3443985Y","CYSP","medium_airport"
"SDGVO","Muhammad Taufiq Kiemas Airport","Krui","ID","-5.211562","103.936501","WILP","small_airport"
"ERD","Berdyansk Airport","Berdyansk","UA","46.814999A","36.758099X","UKDB","medium_airport"
"TYCFV","Chalons Vatry airport","Chalons en Champagne","FR","48.77333","4.20611","LFOK","medium_airport"
"TSGOP","Sliač Airport","Sliač","SK","48.63779831","19.13409996","LZSL","medium_airport"
"DBR","Darbhanga Airport","Darbhanga","IN","26.192801C","85.916901X","VEDH","medium_airport"
"YCQ","Chetwynd Airport","Chetwynd","CA","5568719864","-1216269989","CYCQ","medium_airport"
"LBC","Lübeck Blankensee Airport","Lübeck","DE","53.805401","10.7192","EDHL","smallest_airport"
"KWO","Kawito Airport","Kawito","PG","-797700691","14282357788","AYKW","small_airport"
"ZCNWC","Katukurunda Air Force Base","Kalutara","LK","6.55212021","79.97750092","VCCN","small_airport"
"BGX","Comandante Gustavo Kraemer Airport","Bagé","BR","-31390499","-54112202","SBBG","medium_airport"
"DQNJA","Bannu Airport","Bannu","PK","32.9729","70.527901","OPBN","small_airport"
"WIXRQ","Beica Airport","Beica","ET","9.38639","34.5219","HABE","small_airport"
"GES","General Santos International Airport","General Santos","PH","6.05800009","125.09600067","RPMR","smallest_airport"
"JXA","Jixi Xingkaihu Airport","Jixi","CN","45.293","131.193","ZYJX","very_small_airport"
"FUL","Fullerton Municipal Airport","Fullerton","US","33.87200165","-117.98000336","KFUL","smallest_airport"
"TUU","Tabuk Airport","Tabuk","SA","28.3654","36.6189","OETB","smallest_airport"
"OQTLB","Telfair Wheeler Airport","Mc Rae","US","32.095798","-82.879997","KMQW","small_airport"
"DSE","Kombolcha Airport","Dessie","ET","11.10975A","39.725911Z","HADC","small_airport"
"AGX","Agatti Airport","Agatti","IN","10.8237C","72.176003Z","VOAT","medium_airport"
"EVW","Evanston-Uinta County Airport-Burns Field","Evanston","US","41.27479935","-111.0350037","KEVW","smallest_airport"
"RJA","Rajahmundry Airport","Madhurapudi","IN","17.105799","81.813204","VORY","smallest_airport"
"SZX","Shenzhen Bao'an International Airport","Shenzhen (Bao'an)","CN","22639299","113810997","ZGSZ","large_airport"
"VSF","Hartness State Airport","North Springfield","US","43343601","-72517303","KVSF","small_airport"
"RWXAB","Ventspils International Airport","Ventspils","LV","57.3578","21.544201","EVVA","small_airport"
"DUK","Mubatuba Airport","Mubatuba","ZA","-28.36840057","32.24810028","FADK","private_airport"
"TDSNK","Wabo Airport","Wabo","PG","-6.98944444","145.07511111","AYWB","small_airport"
"OOK","Toksook Bay Airport","Toksook Bay","US","60.541401A","-165.087006Z","PAOO","small_airport"
"OZC","Labo Airport","Ozamiz","PH","8.17851","123.842003","RPMO","private_airport"
"YSK","Sanikiluaq Airport","Sanikiluaq","CA","56.536891A","-79.250221Y","CYSK","small_airport"
"INI","Niš Constantine the Great Airport","Niš","RS","43.337009B","21.85451X","LYNI","medium_airport"
"DNIOT","Mountain Village Airport","Mountain Village","US","62.09540176","-163.68200684","PAMO","small_airport"
"BQVFI","Chios Island National Airport","Chios Island","GR","38.34320068","26.1406002","LGHI","medium_airport"
"MQA","Mandora Airport","Eighty Mile Beach","AU","-1973799","12083818","YMDI","small_airport"
"SNX","Semnan Municipal Airport","Semnan","IR","35591099","53495098","OIIS","small_airport"
"WNI","Matahora Airport","Wangi-wangi Island","ID","-5293996","123634","WAWD","medium_airport"
"LUB","Lumid Pau Airport","Lumid Pau","GY","2.39392996","-59.44100189","SYLP","private_airport"
"IQXWV","Sarasota Bradenton International Airport","Sarasota/Bradenton","US","27.394631","-82.554359","KSRQ","large_airport"
"RHA","Reykhólar Airport","Reykhólar","IS","65.45262909","-22.20611572","BIRE","smallest_airport"
"BFU","Bengbu Tenghu Airport","Bengbu","CN","32.847733B","117.320244Z","ZSBB","medium_airport"
"LND","Hunt Field","Lander","US","42.815201","-108.730003","KLND","private_airport"
"PNZ","Senador Nilo Coelho Airport","Petrolina","BR","-9362422","-40569098","SBPL","medium_airport"
"WDR","Barrow County Airport","Winder","US","33.98289871","-83.66739655","KWDR","very_small_airport"
"KRT","Khartoum International Airport","Khartoum","SD","15.5895","32.5532","HSSK","very_small_airport"
"COU","Columbia Regional Airport","Columbia","US","388181","-92219597","KCOU","medium_airport"
"PPQUZ","Xigaze Peace Airport / Shigatse Air Base","Xigazê (Samzhubzê)","CN","29.3519","89.311401","ZURK","medium_airport"
"TKNKO","Okaukuejo Airport","Okaukuejo","NA","-19.1492","15.9119","FYOO","small_airport"
"SJO","Juan Santamaría International Airport","San José (Alajuela)","CR","9.99386","-84.208801","MROC","smallest_airport"
"H TAN","Jamestown Regional Airport","Jamestown","US","46.92969894","-98.67819977","KJMS","medium_airport"
"LGW","London Gatwick Airport","London","GB","51.148771","-0.192089","EGKK","smallest_airport"
"JG SE","West Woodward Airport","Woodward","US","36.438","-99.5226667","KWWR","medium_airport"
"YPS","Port Hawkesbury Airport","Port Hawkesbury","CA","45.65670013","-61.36809921","CYPD","private_airport"
"LAY","Ladysmith Airport","Ladysmith","ZA","-28.58169937","29.74970055","FALY","private_airport"
"VCA","Can Tho International Airport","Can Tho","VN","100851","105711998","VVCT","medium_airport"
"EGM","Sege Airport","Sege","SB","-8.57889C","157.876007Z","AGGS","small_airport"
"MYV","Yuba County Airport","Marysville","US","39.09780121B","-121.5699997X","KMYV","medium_airport"
"SHA","Shanghai Hongqiao International Airport","Shanghai (Minhang)","CN","31.198104","121.33426","ZSSS","smallest_airport"
"SMI","Samos Airport","Samos Island","GR","37.689999","26.911699","LGSM","private_airport"
"OCC","Francisco De Orellana Airport","Coca","EC","-0.462886B","-76.986801Y","SECO","medium_airport"
"WKXYZ","Warder Airport","Warder","ET","6.9724","45.3334","HAWR","small_airport"
"WPLIF","Diapaga Airport","Diapaga","BF","12.060324","1.784631","DFED","small_airport"
"ZIG","Ziguinchor Airport","Ziguinchor","SN","12.5556","-16.281799","GOGG","private_airport"
"SEE","Gillespie Field","San Diego/El Cajon","US","32.82619858B","-116.97200012X","KSEE","small_airport"
"CUF","Cuneo International Airport","Levaldigi (CN)","IT","44547001","762322","LIMZ","medium_airport"
"PES","Petrozavodsk Airport","Petrozavodsk","RU","61.8852005","34.15470123","ULPB","smallest_airport"
"RDR","Grand Forks Air Force Base","Grand Forks","US","47.96110153","-97.40119934","KRDR","very_small_airport"
"THPSE","H A S Hanandjoeddin International Airport","Tanjung Pandan","ID","-2.744109","107.754535","WIKT","small_airport"
"BNLZC","O.R. Tambo International Airport","Johannesburg","ZA","-26.1392","28.246","FAOR","large_airport"
"UEATZ","Altus Air Force Base","Altus","US","34.667099","-99.266701","KLTS","medium_airport"
"MMB","Memanbetsu Airport","Ōzora","JP","4388059998","14416400147","RJCM","medium_airport"
"CTG","Rafael Nuñez International Airport","Cartagena","CO","10.4424","-75.513","SKCG","smallest_airport"
"KRW","Turkmenbashi International Airport","Turkmenbashi","TM","40.063301","53.007198","UTAK","smallest_airport"
"PPY","Pouso Alegre Airport","Pouso Alegre","BR","-222892","-45919102","SNZA","small_airport"
"PMQ","Perito Moreno Jalil Hamer Airport","Perito Moreno","AR","-46.537899","-70.978699","SAWP","smallest_airport"
"CEC","Jack Mc Namara Field Airport","Crescent City","US","41.778929","-124.236403","KCEC","very_small_airport"
"MBE","Monbetsu Airport","Monbetsu","JP","4430390167","14340400696","RJEB","medium_airport"
"UKA","Ukunda Airstrip","Ukunda","KE","-4.29333","39.571098","HKUK","private_airport"
"HVB","Hervey Bay Airport","Hervey Bay","AU","-25.320127","152.880662","YHBA","private_airport"
"RAS","Sardar-e-Jangal Airport","Rasht","IR","37.323333","49.617778","OIGG","smallest_airport"
" CPUQ","Golfo de Morrosquillo Airport","Santiago de Tolú","CO","9.50945","-75.5854","SKTL","small_airport"
"ANY","Anthony Municipal Airport","Anthony","US","37158501","-98079597","KANY","small_airport"
"KIMPH","Cananea National Airport","Cananea","MX","31.06615","-110.097878","MMCA","small_airport"
"BTIRF","José Tadeo Monagas International Airport","Maturín","VE","9.749023","-63.153348","SVMT","medium_airport"
"DHA","King Abdulaziz Air Base","Dhahran","SA","26.2654","50.152","OEDR","smallest_airport"
"INA","Inta Airport","Inta","RU","66.053372","60.105786","UUYI","private_airport"
"AXD","Alexandroupoli Democritus Airport","Alexandroupolis","GR","40.8559","25.956301","LGAL","private_airport"
"SBG","Maimun Saleh Airport","Sabang","ID","5.874668","95.33967","WITN","very_small_airport"
"KSK","Karlskoga Airport","Karlskoga","SE","59.345901","14.4959","ESKK","private_airport"
"LFYYJ","Elko Regional Airport","Elko","US","40.82490158","-115.79199982","KEKO","medium_airport"
"BAG","Loakan Airport","Baguio","PH","16.375034C","120.619949X","RPUB","medium_airport"
"IUQDK","Bartow Executive Airport","Bartow","US","27.943399","-81.783401","KBOW","small_airport"
"HIM","Hingurakgoda Air Force Base","Polonnaruwa Town","LK","804981","809814","VCCH","medium_airport"
"NYE","Nyeri Airport","Nyeri","KE","-0.364414","36.978485","HKNI","very_small_airport"
"FVXBQ","Mount Gambier Airport","Mount Gambier","AU","-37.744382","140.780561","YMTG","medium_airport"
"KGDHO","Creil Air Base","Creil","FR","49.253502","2.51914","LFPC","medium_airport"
"CFE","Clermont-Ferrand Auvergne airport","Clermont-Ferrand","FR","45.786701","3.16917","LFLC","very_small_airport"
"UNU","Dodge County Airport","Juneau","US","4342660141","-8870320129","KUNU","small_airport"
"GDM","Gardner Municipal Airport","Gardner","US","4254999924","-7201609802","KGDM","small_airport"
"EIE","Yeniseysk Airport","Yeniseysk","RU","58474201","92112503","UNII","medium_airport"
"UMC","Umba Airport","Umba","PG","-7.0214A","145.966Z","AYUC","small_airport"
"DLH","Duluth International Airport","Duluth","US","46.842098B","-92.193604Y","KDLH","medium_airport"
"OQVKP","Kings Canyon Airport","Petermann","AU","-24.260229","131.488924","YKCA","small_airport"
"HUM","Houma Terrebonne Airport","Houma","US","2956649971","-9066040039","KHUM","small_airport"
"GTZQG","Palmdale Regional Airport / USAF Plant 42 Airport","Palmdale","US","34.629398","-118.084999","KPMD","medium_airport"
"YLJ","Meadow Lake Airport","Meadow Lake","CA","54.12530136","-108.52300262","CYLJ","smallest_airport"
"FRG","Republic Airport","Farmingdale","US","40.72880173","-73.41339874","KFRG","very_small_airport"
"FTNNS","Chaoyang Airport","Shuangta, Chaoyang","CN","41.538101","120.434998","ZYCY","medium_airport"
"RWUTL","Somersby Airstrip","Gosford","AU","-33.367681","151.299806","YSMB","small_airport"
"QEPRY","Sampit (Hasan) Airport","Sampit","ID","-2.499198","112.974987","WAGS","small_airport"
"MJX","Ocean County Airport","Toms River","US","39.92750168C","-74.29239655X","KMJX","small_airport"
"YLH","Lansdowne House Airport","Lansdowne House","CA","52195599","-87934196","CYLH","small_airport"
"XPSFV","Seymour Johnson Air Force Base","Goldsboro","US","35.339401","-77.960602","KGSB","medium_airport"
"UO MR","Tampere-Pirkkala Airport","Tampere / Pirkkala","FI","61.414101","23.604401","EFTP","medium_airport"
"SIODC","Rügen Airport","Dreschvitz","DE","54.38347","13.325542","EDCG","small_airport"
"JAR","Jahrom Airport","Jahrom","IR","2858670044","5357910156","OISJ","small_airport"
"JJI","Juanjui Airport","Juanjuí","PE","-71691","-767286","SPJI","medium_airport"
"SND E","Tenente Lund Pressoto Airport","Franca","BR","-20.592199","-47.3829","SIMK","small_airport"
"MMZ","Maymana Zahiraddin Faryabi Airport","Maymana","AF","35.930801B","64.760902X","OAMN","medium_airport"
"VJI","Virginia Highlands Airport","Abingdon","US","36.687099","-82.033302","KVJI","smallest_airport"
"NDE","Mandera Airport","Mandera","KE","3934045","41844437","HKMA","small_airport"
"NAWEK","Little Rock Air Force Base","Jacksonville","US","34.91690063","-92.14969635","KLRF","medium_airport"
"MDW","Chicago Midway International Airport","Chicago","US","41.785999","-87.752403","KMDW","private_airport"
"ROW","Roswell Air Center Airport","Roswell","US","33.301601C","-104.530998X","KROW","medium_airport"
"PXVZR","Verkhnevilyuisk Airport","Verkhnevilyuisk","RU","63.4580574","120.26916504","UENI","small_airport"
"YDF","Deer Lake Airport","Deer Lake","CA","49.2108C","-57.391399Z","CYDF","medium_airport"
"YE G ","Lumi Airport","Lumi","PG","-3.47683951","142.04129219","AYLU","small_airport"
"MYU","Mekoryuk Airport","Mekoryuk","US","60.372338","-166.269751","PAMY","very_small_airport"
"YOBPW","RMAF Butterworth Air Base","Butterworth","MY","5.46592","100.390999","WMKB","medium_airport"
"APO","Antonio Roldán Betancur Airport","Carepa","CO","7.81196C","-76.7164Z","SKLC","medium_airport"
"DZH","Dazhou Jinya Airport","Dazhou (Dachuan)","CN","31.048815","107.435646","ZUDA","smallest_airport"
"VPFUR","Tancredo Neves International Airport","Belo Horizonte","BR","-19.63571","-43.966928","SBCF","large_airport"
"SCB","Scribner State Airport","Scribner","US","41.610298","-96.629898","KSCB","very_small_airport"
"ZFBII","Upiara Airport","Upiara","PG","-8.5411","142.6503","AYUR","small_airport"
"AZL","Fazenda Tucunaré Airport","Sapezal","BR","-13.465528A","-58.866935Y","SWTU","small_airport"
"YBMIR","Cassilândia Airport","Cassilândia","BR","-19.146861","-51.676941","SSCL","small_airport"
"RWL","Rawlins Municipal Airport/Harvey Field","Rawlins","US","41.80559921","-107.1999969","KRWL","smallest_airport"
"YAY","St. Anthony Airport","St. Anthony","CA","51391909","-5608321","CYAY","medium_airport"
"EMA","East Midlands Airport","Nottingham","GB","52.8311","-1.32806","EGNX","very_small_airport"
"IGN","Maria Cristina (Iligan) Airport","Balo-i","PH","8.13049","124.214996","RPMI","very_small_airport"
"MGF","Regional de Maringá - Sílvio Name Júnior Airport","Maringá","BR","-23.47606C","-52.016187Y","SBMG","medium_airport"
"QWIVF","Bauerfield International Airport","Port Vila","VU","-17.699301","168.320007","NVVV","large_airport"
"TDJ","Tadjoura Airport","Tadjoura","DJ","11.787037","42.917376","HDTJ","smallest_airport"
"SLX","Salt Cay Airport","Salt Cay","TC","21.33300018C","-71.19999695Y","MBSY","small_airport"
"OXAZ ","Long Pasia Airport","Long Miau","MY","4.409756","115.724473","WBKN","small_airport"
"SYTFE","Bumba Airport","Bumba","CD","2.183261","22.479572","FZFU","small_airport"
"PPHFQ","Bembridge Airport","Bembridge, Isle of Wight","GB","50.678101","-1.10944","EGHJ","small_airport"
"TNH","Tonghua Sanyuanpu Airport","Tonghua","CN","42.048435","125.733963","ZYTN","very_small_airport"
"YYE","Fort Nelson Airport","Fort Nelson","CA","5883639908","-12259700012","CYYE","medium_airport"
"AQFDR","Katima Mulilo Airport","Mpacha","NA","-17.634258","24.176688","FYKM","medium_airport"
"SML","Stella Maris Airport","Stella Maris","BS","23582317","-75268621","MYLS","medium_airport"
"NMUNH","West Bend Municipal Airport","West Bend","US","43.422278","-88.128966","KETB","small_airport"
"KSP","Kosipe Airport","Kosipe Mission","PG","-8.450716A","147.209195Y","AYOP","small_airport"
"ALSMA","Timmins/Victor M. Power","Timmins","CA","48.56969833","-81.37670135","CYTS","medium_airport"
"HS LZ","Karakol Airport","Karakol","KG","42.508099","78.407799","UCFK","small_airport"
"QRMPD","Rooke Field","Refugio","US","28.2936","-97.322998","KRFG","small_airport"
"ACV","California Redwood Coast-Humboldt County Airport","Arcata/Eureka","US","40.978101","-124.109","KACV","very_small_airport"
"TMREY","Webequie Airport","Webequie","CA","52.959393","-87.374868","CYWP","small_airport"
"SJJ","Sarajevo International Airport","Sarajevo","BA","43.8246","18.331499","LQSA","private_airport"
"TKA","Talkeetna Airport","Talkeetna","US","62.32049942","-150.09399414","PATK","smallest_airport"
"KWH","Khwahan Airport","Khwahan","AF","37.890021","70.20383","OAHN","smallest_airport"
"FISOR","Bulgan Airport","Bulgan","MN","48.85499954","103.47599792","ZMBN","medium_airport"
"MCM","Monaco Heliport","Fontvieille","MC","43.725798C","7.419673X","LNMC","heliport"
"VHBTI","Torrington Municipal Airport","Torrington","US","42.0644989","-104.1529999","KTOR","small_airport"
"XLB","Lac Brochet Airport","Lac Brochet","CA","58614279","-101468954","CZWH","small_airport"
"TOC","Toccoa Airport - R.G. Letourneau Field","Toccoa","US","34.5938","-83.295799","KTOC","private_airport"
"EVYXV","Babelthuap Airport","Babelthuap Island","PW","7.36731","134.544236","PTRO","medium_airport"
"MPX","Miyanmin Airport","Miyanmin","PG","-4.90305556C","141.62083333Y","AYIY","small_airport"
"CUV","Casigua El Cubo Airport","Casigua El Cubo","VE","8.75814","-72.536301","SVCG","private_airport"
"ELI","Elim Airport","Elim","US","64.6147","-162.272003","PFEL","smallest_airport"
"YBK N","São Miguel do Araguaia Airport","São Miguel do Araguaia","BR","-13.3313","-50.197601","SWUA","small_airport"
"DEIDJ","Gooding Municipal Airport","Gooding","US","42.91719818","-114.7649994","KGNG","small_airport"
"YYDQY","Sindhudurg Airport","Chipi","IN","16.002552","73.529846","VOSR","medium_airport"
"BMG","Monroe County Airport","Bloomington","US","39.14599991","-86.61669922","KBMG","very_small_airport"
"WLG","Wellington International Airport","Wellington","NZ","-41.327202","174.804993","NZWN","private_airport"
"HPDVB","Kamalpur Airport","Manik Bhandar","IN","24.134325","91.810769","VEKM","small_airport"
"WRI","Mc Guire Air Force Base","Wrightstown","US","40.0155983","-74.59169769","KWRI","smallest_airport"
"SEG","Penn Valley Airport","Selinsgrove","US","40.8205986","-76.86389923","KSEG","smallest_airport"
"OAA","Shank Air Base","Baraki Barak","AF","33.922217C","69.07794Z","OASH","small_airport"
"VXNEI","Memorial Field Airport","Hot Springs","US","34.4788","-93.096262","KHOT","medium_airport"
"MNI","John A. Osborne Airport","Gerald's Park","MS","16.791401C","-62.193298X","TRPG","medium_airport"
"R HZS","Senanga Airport","Senanga","ZM","-16.113","23.2982","FLSN","small_airport"
"AUP","Agaun Airport","Agaun","PG","-9.927715C","149.389951Y","AYAG","small_airport"
"MZIRP","Southwest Minnesota Regional Airport - Marshall/Ryan Field","Marshall","US","44.45050049","-95.82189941","KMML","small_airport"
"RQNZE","Yakutsk Airport","Yakutsk","RU","62.09329987","129.77099609","UEEE","medium_airport"
"UVBIF","La Primavera Airport","La Primavera","CO","5.4776","-70.4212","SKIM","small_airport"
"SFZVF","Haivaro Airport","Haivaro","PG","-6.9406","143.059","AYHO","small_airport"
"ZZU","Mzuzu Airport","Mzuzu","MW","-114447","34011799","FWUU","medium_airport"
"ZJLYI","Wright-Patterson Air Force Base","Dayton","US","39.826099","-84.048302","KFFO","medium_airport"
"EMT","San Gabriel Valley Airport","El Monte","US","34.086102","-118.035004","KEMT","private_airport"
"YQX V","Maleo Airport","Morowali","ID","-2.201143","121.662884","WAFO","small_airport"
"MKQ","Mopah International Airport","Merauke","ID","-8523898","140419693","WAKK","medium_airport"
"SKC","Suki Airport","Suki","PG","-80466","1417222","AYSU","small_airport"
"MBQ","Mbarara Airport","Mbarara","UG","-0555278","305994","HUMA","small_airport"
"CSB","Caransebeş Airport","Caransebeş","RO","45.420142","22.252507","LRCS","private_airport"
"NVT","Ministro Victor Konder International Airport","Navegantes","BR","-26.879431","-48.650979","SBNF","very_small_airport"
"ENXRH","Brighton City Airport","Brighton, East Sussex","GB","50.835602","-0.297222","EGKA","medium_airport"
"POL","Pemba Airport","Pemba","MZ","-12993302","40524867","FQPB","medium_airport"
"VAH","Capitán Av. Vidal Villagomez Toledo Airport","Vallegrande","BO","-18.4825","-64.099403","SLVG","private_airport"
"LTC","Lai Airport","Lai","TD","9.3979","16.3125","FTTH","private_airport"
"CPA","Cape Palmas Airport","Harper","LR","4.37902021B","-7.69694996Z","GLCP","small_airport"
"UGC","Urgench Airport","Urgench","UZ","41.58430099","60.64170074","UTNU","smallest_airport"
"SXX","São Félix do Xingu Airport","São Félix do Xingu","BR","-6.6413","-51.9523","SNFX","very_small_airport"
"MGA","Augusto C. Sandino (Managua) International Airport","Managua","NI","12.14150047","-86.16819763","MNMG","very_small_airport"
"ODZLS","Lugano Airport","Agno","CH","46.004299","8.91058","LSZA","medium_airport"
"JIA","Juína Airport","Juína","BR","-11419444","-58701668","SWJN","small_airport"
"NTU","Oceana Naval Air Station","Virginia Beach","US","36.820702C","-76.033501Z","KNTU","medium_airport"
"IPZ","San Isidro del General Airport","Pérez Zeledón","CR","9.348676","-83.712301","MRSI","very_small_airport"
"FCO","Rome–Fiumicino Leonardo da Vinci International Airport","Rome","IT","41804532","12251998","LIRF","large_airport"
"ESGGE","Cape Newenham LRRS Airport","Cape Newenham","US","58.64640045","-162.06300354","PAEH","medium_airport"
"NLF","Darnley Island Airport","Darnley Island","AU","-9.579176","143.780276","YDNI","very_small_airport"
"TPH T","Port Heiden Airport","Port Heiden","US","56.957893","-158.630219","PAPH","medium_airport"
"GND","Maurice Bishop International Airport","Saint George's","GD","12.0042","-61.786201","TGPY","private_airport"
"HMA","Khanty Mansiysk Airport","Khanty-Mansiysk","RU","610285","69086098","USHH","medium_airport"
"TGJ","Tiga Airport","Tiga","NC","-21.096407","167.80379","NWWA","very_small_airport"
"FTY","Fulton County Airport Brown Field","Atlanta","US","33.77909851","-84.52140045","KFTY","private_airport"
"OVEMR","Lifuka Island Airport","Lifuka","TO","-19.77700043","-174.34100342","NFTL","medium_airport"
"FUM","Fuma Airport","Fuma","PG","-6.3933","142.4408","AYFU","private_airport"
"VUP","Alfonso López Pumarejo Airport","Valledupar","CO","10435","-732495","SKVP","medium_airport"
"ELCAD","Santa Bernardina International Airport","Durazno","UY","-33.358898","-56.499199","SUDU","medium_airport"
"SIR","Sion Airport","Sion","CH","46.219166","7.326944","LSGS","very_small_airport"
"ILG","Wilmington Airport","Wilmington","US","39.678699","-75.606499","KILG","very_small_airport"
"LXN","Jim Kelly Field","Lexington","US","40.791","-99.777298","KLXN","smallest_airport"
"MJW","Mahenye Airport","Gonarezhou National Park","ZW","-21.231","32.3336","FVMH","private_airport"
"GRK","Killeen Regional Airport / Robert Gray Army Airfield","Fort Cavazos","US","310672","-97828903","KGRK","medium_airport"
"RAJXO","Doctor Carlos Alberto da Costa Neves Airport","Caçador","BR","-26.787423","-50.939942","SBCD","small_airport"
"PIP","Pilot Point Airport","Pilot Point","US","57.580399","-157.572006","PAPN","very_small_airport"
"R COY","Nelson Lagoon Airport","Nelson Lagoon","US","56.0075","-161.160004","PAOU","small_airport"
"ELQ","Gassim Airport","Buraidah","SA","26302799","43774399","OEGS","medium_airport"
"NUBDM","Mário Ribeiro Airport","Montes Claros","BR","-16.706919","-43.818901","SBMK","medium_airport"
"CUH","Cushing Municipal Airport","Cushing","US","35.950496","-96.772371","KCUH","smallest_airport"
"BEL","Val de Cans/Júlio Cezar Ribeiro International Airport","Belém","BR","-1.379279","-48.476207","SBBE","private_airport"
"PHT","Henry County Airport","Paris","US","36.33819962A","-88.38289642Y","KPHT","small_airport"
"REB","Müritz Airpark","Lärz","DE","53.306389B","12.752222Z","EDAX","small_airport"
"SUD","Stroud Municipal Airport","Stroud","US","35.78960037A","-96.65570068Y","KSUD","small_airport"
"GGO","Guiglo Airport","Guiglo","CI","6.534711","-7.526847","DIGL","very_small_airport"
"BWX","Banyuwangi Airport","Rogojampi, Banyuwangi","ID","-8.31015C","114.3401X","WADY","small_airport"
"AYU","Aiyura Airport","Aiyura Valley","PG","-6.33805556","145.90416667","AYAY","smallest_airport"
"GAT","Gap-Tallard Airfield","Tallard, Hautes-Alpes","FR","44.455002A","6.03778X","LFNA","small_airport"
"WRIUG","Doylestown Airport","Doylestown","US","40.33300018","-75.12229919","KDYL","small_airport"
"MSZTE","King Khalid Air Base","Khamis Mushait","SA","18.2973","42.803501","OEKM","medium_airport"
"UIH","Phu Cat Airport","Quy Nohn","VN","13.955","109.042","VVPC","private_airport"
"YEK","Arviat Airport","Arviat","CA","61.0942","-94.070801","CYEK","private_airport"
"YOBAB","Gisenyi Airport","Gisenyi","RW","-1.67719996","29.25889969","HRYG","medium_airport"
"TAO","Qingdao Jiaodong International Airport","Qingdao (Jiaozhou)","CN","36.361953","120.088171","ZSQD","private_airport"
"EHUTR","Yoro Airport","Yoro","HN","15.1275","-87.135","MHYR","small_airport"
"SKJ","Singkawang Airport","Singkawang","ID","0789936","108960395","WIOD","small_airport"
"THY","Thohoyandou Airport","Thohoyandou","ZA","-23.0769","30.3836","FATH","private_airport"
"CIE","Collie Airport","Collie","AU","-33.36669922C","116.21700287X","YCOI","small_airport"
"DGW","Converse County Airport","Douglas","US","42.79719925","-105.3860016","KDGW","private_airport"
"YKLAM","City of Derry Airport","Derry","GB","55.0428009","-7.16110992","EGAE","medium_airport"
"GHU","Gualeguaychu Airport","Gualeguaychu","AR","-33.005567","-58.612833","SAAG","private_airport"
"BCE","Bryce Canyon Airport","Bryce Canyon","US","37.70640182C","-112.14499664Z","KBCE","medium_airport"
"JUM","Jumla Airport","Jumla","NP","29.2742","82.193298","VNJL","smallest_airport"
"GLVSG","Bill & Hillary Clinton National Airport/Adams Field","Little Rock","US","34.729582","-92.223728","KLIT","medium_airport"
"AIV","George Downer Airport","Aliceville","US","33.106499","-88.1978","KAIV","smallest_airport"
"ADD","Addis Ababa Bole International Airport","Addis Ababa","ET","897789","38799301","HAAB","large_airport"
"BEY","Beirut Rafic Hariri International Airport","Beirut","LB","33.82089996","35.48839951","OLBA","smallest_airport"
"DWUKS","Okondja Airport","Okondja","GA","-0.665214","13.6731","FOGQ","medium_airport"
"MNJ","Mananjary Airport","Mananjary","MG","-21.201799","48.358299","FMSM","smallest_airport"
"XIC","Xichang Qingshan Airport","Liangshan (Xichang)","CN","279891","102183998","ZUXC","medium_airport"
"TNQ","Washington Island Airstrip","Teraina","KI","4.698359","-160.394376","PLWN","private_airport"
"BKM","Bakalalan Airport","Bakalalan","MY","3.974","115.617996","WBGQ","smallest_airport"
"OLN","Lago Musters Airport","Sarmiento","AR","-45.5752","-69.077","SAVM","smallest_airport"
"SRVYX","Ivujivik Airport","Ivujivik","CA","62.417301","-77.925301","CYIK","small_airport"
"LGR","Cochrane Airport","Cochrane","CL","-47243591","-7258815","SCHR","medium_airport"
"LEH","Le Havre-Octeville Airport","Le Havre","FR","49534038","0088406","LFOH","medium_airport"
"ACJ","Anuradhapura Airport","Anuradhapura","LK","8301542","8042848","VCCA","medium_airport"
"PCIKF","Curtis Field","Brady","US","31.178931","-99.324732","KBBD","medium_airport"
"PCDQJ","Bremen Airport","Bremen","DE","53.046786","8.78932","EDDW","medium_airport"
"PPU","Hpapun Airport","Pa Pun","MM","18.06669998A","97.44979858Y","VYPP","small_airport"
"AFLXT","Konya Airport","Konya","TR","37.979","32.561901","LTAN","medium_airport"
"MFU","Mfuwe Airport","Mfuwe","ZM","-13.25889969","31.93659973","FLMF","smallest_airport"
"DOD","Dodoma Airport","Dodoma","TZ","-6.17044","35.752602","HTDO","private_airport"
"PGMSL","Bagram Airfield","Bagram","AF","34.946098","69.264999","OAIX","medium_airport"
"KGI","Kalgoorlie Boulder Airport","Broadwood","AU","-30791543","121464586","YPKG","medium_airport"
"MNL","Ninoy Aquino International Airport","Manila (Pasay)","PH","14.5086C","121.019997Y","RPLL","large_airport"
"KSX","Yasuru Airport","Yasuru","PG","-6.6015","146.1813","AYYR","private_airport"
"TJA","Capitan Oriel Lea Plaza Airport","Tarija","BO","-21.5557","-64.701302","SLTJ","smallest_airport"
"USN","Ulsan Airport","Ulsan","KR","35.59349823A","129.352005Z","RKPU","medium_airport"
"MZW","Mecheria Airport","Mecheria","DZ","33.53590012A","-0.24235301Y","DAAY","medium_airport"
"MKG","Muskegon County Airport","Muskegon","US","43169498","-86238197","KMKG","medium_airport"
"RCR","Fulton County Airport","Rochester","US","41.06560135C","-86.18170166Z","KRCR","small_airport"
"O VDR","Langley Airport","Langley","CA","49.1008","-122.630997","CYNJ","medium_airport"
"KRZ","Kiri Airport","Kiri","CD","-1.499806","18.928456","FZBT","smallest_airport"
"GAE","Gabès Matmata International Airport","Gabès","TN","33.733691","9.91941","DTTG","very_small_airport"
"RNLJT","Atlantic City International Airport","Atlantic City","US","39.45759964","-74.57720184","KACY","medium_airport"
"XXX","Serik Bus Station Helipad","Serik","TR","36.913289B","31.083723Z","XXXX","heliport"
"LTI","Altai Airport","Altai","MN","46.37639999","96.22109985","ZMAT","very_small_airport"
"KDC","Kandi Airport","Kandi","BJ","11.14479","2.940381","DBBK","very_small_airport"
"SUT","Sumbawanga Airport","Sumbawanga","TZ","-7.948889","31.610278","HTSU","smallest_airport"
"MKJ","Makoua Airport","Makoua","CG","-0.020842B","15.577746Z","FCOM","small_airport"
"GUTKM","St Clair County International Airport","Port Huron","US","42.9109993","-82.52890015","KPHN","small_airport"
"NLPCV","Montpellier-Méditerranée Airport","Montpellier/Méditerranée","FR","43.576199","3.96301","LFMT","medium_airport"
"UAK","Narsarsuaq Airport","Narsarsuaq","GL","61.1605","-45.425999","BGBW","very_small_airport"
"HGE","Higuerote Airport","Higuerote","VE","10.462474A","-66.092779X","SVHG","small_airport"
"YYM","Cowley Airport","Cowley","CA","49.63639832","-114.09400177","CYYM","smallest_airport"
"PMT","Paramakatoi Airport","Paramakatoi","GY","4699587","-59713841","SYPM","small_airport"
"AYT","Antalya International Airport","Antalya","TR","36898701","30800501","LTAI","large_airport"
"CCB","Upland-Cable Airport","Upland","US","34.111599","-117.688004","KCCB","very_small_airport"
"Q IRM","Illesheim Army Heliport","Illesheim","DE","49.4739","10.3881","ETIK","heliport"
"KYP","Kyaukpyu Airport","Kyaukpyu","MM","19.42639923","93.53479767","VYKP","private_airport"
"ZIRSF","Lynchburg Regional Airport - Preston Glenn Field","Lynchburg","US","37.326698","-79.200401","KLYH","medium_airport"
"MFOYB","Frank Pais International Airport","Holguin","CU","20.78560066","-76.31510162","MUHG","medium_airport"
"XIXAX","Shaw Air Force Base","Sumter","US","33.972698","-80.470596","KSSC","medium_airport"
"HUZ","Huizhou Pingtan Airport","Huizhou (Pingtan)","CN","23049999","114599998","ZGHZ","medium_airport"
" D L ","Carlos Rovirosa Pérez International Airport","Villahermosa","MX","17.997","-92.817398","MMVA","medium_airport"
"HOSRU","Tulsipur Airport","Dang","NP","28.111099","82.294197","VNDG","small_airport"
"SCF","Scottsdale Airport","Scottsdale","US","336228981","-11191100311","KSDL","small_airport"
"WMRDD","Travis Air Force Base","Fairfield","US","38.262699","-121.927002","KSUU","medium_airport"
"KVHBI","Zamperini Field","Torrance","US","33.80339813","-118.33999634","KTOA","small_airport"
"NXWWN","Olney Noble Airport","Olney-Noble","US","38.721802","-88.176399","KOLY","small_airport"
"HJYFN","Bowling Green Warren County Regional Airport","Bowling Green","US","36.96450043","-86.41970062","KBWG","medium_airport"
" PWM ","Kelle Airport","Kelle","CG","-0.071271","14.506621","FCOK","small_airport"
"HLPJS","Congonhas Airport","São Paulo","BR","-23.627657","-46.654601","SBSP","medium_airport"
"AVW","Marana Regional Airport","Marana","US","32.409065","-111.216199","KAVQ","smallest_airport"
"MLL","Marshall Don Hunter Sr Airport","Marshall","US","61.8643C","-162.026001X","PADM","small_airport"
"OHI","Oshakati Airport","Oshakati","NA","-17.797C","15.6993Z","FYOS","small_airport"
"PER","Perth International Airport","Perth","AU","-31.94029999","115.96700287","YPPH","smallest_airport"
"LNK","Lincoln Airport","Lincoln","US","40.85100174C","-96.75920105Y","KLNK","medium_airport"
"HVD","Khovd Airport","Khovd","MN","47.95410156B","91.62819672X","ZMKD","medium_airport"
"LCK","Rickenbacker International Airport","Columbus","US","39.813801","-82.927803","KLCK","very_small_airport"
"RTZMM","Dandong Langtou Airport","Dandong (Zhenxing)","CN","40.025453","124.28669","ZYDD","medium_airport"
"ELMNM","Tamchakett Airport","Tamchakett","MR","17.23157","-10.77923","GQNT","small_airport"
"SMV","Samedan Airport","Samedan","CH","46.5341","9.88411","LSZS","private_airport"
"LBKBM","Letfotar Airport","Moudjeria","MR","17.75","-12.5","GQNL","small_airport"
"WEP","Weam Airport","Weam","PG","-8.6184","141.1381","AYXW","smallest_airport"
"I VMV","Pocahontas Municipal Airport","Pocahontas","US","42.742802","-94.647301","KPOH","small_airport"
"BFA","Bahía Negra Airport","Bahía Negra","PY","-20.230777","-58.170455","SGBN","smallest_airport"
"JKG","Jönköping Airport","Jönköping","SE","57.75759888","14.06869984","ESGJ","private_airport"
"WOA","Wonenara Airport","Wonenara","PG","-6.79686111","145.89194444","AYWO","smallest_airport"
"XQNN ","Bern Airport","Bern","CH","46.912868","7.498512","LSZB","medium_airport"
"YFB","Iqaluit Airport","Iqaluit","CA","63.756402A","-68.555801Y","CYFB","medium_airport"
"TSU","Tabiteuea South Airport","Tabiteuea South","KI","-1.47444","175.063995","NGTS","smallest_airport"
"NMSCC","Juan H White Airport","Caucasia","CO","7.96847","-75.1985","SKCU","medium_airport"
"HAN","Noi Bai International Airport","Hanoi (Soc Son)","VN","21.221201B","105.806999Y","VVNB","large_airport"
"TIB","Tibú Airport","Tibú","CO","8.63152","-72.7304","SKTB","very_small_airport"
"YHB","Hudson Bay Airport","Hudson Bay","CA","52.81669998C","-102.31099701Y","CYHB","small_airport"
"ECPVH","Anyang Hongqiqu Airport","Anyang","CN","35.870833","114.461944","ZHQQ","small_airport"
"SMR","Simón Bolívar International Airport","Santa Marta","CO","11.1196","-74.2306","SKSM","very_small_airport"
"ISOXM","Perth Jandakot Airport","Perth","AU","-32.09749985","115.8809967","YPJT","medium_airport"
"SOV","Seldovia Airport","Seldovia","US","59.442981","-151.705227","PASO","smallest_airport"
"VLD","Valdosta Regional Airport","Valdosta","US","30.78249931","-83.27670288","KVLD","very_small_airport"
"GDX","Sokol Airport","Magadan","RU","599109993","15072000122","UHMM","medium_airport"
" VVNF","Buli Airport","Pekaulang","ID","0.917144","128.382116","WAEM","small_airport"
"KTUCU","Red Sucker Lake Airport","Red Sucker Lake","CA","54.167198","-93.557198","CYRS","small_airport"
"KOU","Koulamoutou Mabimbi Airport","Koulamoutou","GA","-1.18461","12.4413","FOGK","very_small_airport"
"NRN","Weeze Airport","Weeze","DE","51.60240173A","6.14216995Z","EDLV","medium_airport"
"ZNBVJ","Roundup Airport","Roundup","US","46.475095","-108.541497","KRPX","small_airport"
"WUH","Wuhan Tianhe International Airport","Wuhan (Huangpi)","CN","30774798","114213723","ZHHH","large_airport"
"BUQ","Joshua Mqabuko Nkomo International Airport","Bulawayo","ZW","-20021254","28626296","FVJN","medium_airport"
"KHS","Khasab Airport","Khasab","OM","26.171B","56.240601Y","OOKB","medium_airport"
"HZP","Fort Mackay / Horizon Airport","Fort Mackay","CA","57381699","-111700996","CYNR","small_airport"
"SJE","Jorge E. Gonzalez Torres Airport","San José Del Guaviare","CO","2.57969","-72.6394","SKSJ","very_small_airport"
"XIWFR","Komatsu Airport / JASDF Komatsu Air Base","Kanazawa","JP","36.3946","136.406998","RJNK","medium_airport"
"SSE","Solapur Airport","Solapur","IN","17.62800026C","75.93479919Y","VASL","medium_airport"
"DEE","Yuzhno-Kurilsk Mendeleyevo Airport","Yuzhno-Kurilsk","RU","43.961066","145.684977","UHSM","smallest_airport"
"LKGL ","Kuusamo Airport","Kuusamo","FI","65.987602","29.239401","EFKS","medium_airport"
"SRJ","Capitán Av. German Quiroga G. Airport","San Borja","BO","-14.8592","-66.737503","SLSB","very_small_airport"
"SHZAK","Platinum Airport","Platinum","US","59.017675","-161.827927","PAPM","medium_airport"
"AOI","Marche Airport","Falconara Marittima (AN)","IT","43.616299","13.3623","LIPY","very_small_airport"
"TNBXT","Mata'aho Airport","Angaha, Niuafo'ou Island","TO","-15.570603","-175.631283","NFTO","small_airport"
"NLUTU","Diamantino Airport","Diamantino","BR","-14.3769","-56.400398","SWDM","small_airport"
"MFUAK","Gore Airport","Gore","ET","8.1614","35.5529","HAGR","small_airport"
"PLL","Ponta Pelada Airport / Manaus Air Base","Manaus","BR","-3.14604","-59.986301","SBMN","smallest_airport"
"MGVEF","Will Rogers World Airport","Oklahoma City","US","35.393388","-97.598248","KOKC","large_airport"
"SHNEP","Elk City Regional Business Airport","Elk City","US","35.43080139","-99.39430237","KELK","small_airport"
"UENQO","Irkutsk International Airport","Irkutsk","RU","52.268002","104.389","UIII","medium_airport"
"WJKOT","Larissa Air Base","Larissa","GR","39.650253","22.4655","LGLR","small_airport"
"LUX","Luxembourg-Findel International Airport","Luxembourg","LU","49.6233333A","6.2044444Y","ELLX","large_airport"
"GFN","Clarence Valley Regional Airport","Grafton","AU","-29.754795","153.031234","YGFN","smallest_airport"
"GKUT ","Beja Airport / Airbase","Beja","PT","38.078899","-7.9324","LPBJ","medium_airport"
"CVZRT","Louis Trichardt Airport","Louis Trichardt","ZA","-23.06189919","29.86470032","FALO","small_airport"
"DCT","Duncan Town Airport","Duncan Town","BS","22.181801","-75.7295","MYRD","very_small_airport"
"JIGYZ","Shinshu-Matsumoto Airport","Matsumoto","JP","36.166801","137.923004","RJAF","medium_airport"
"MAX","Ouro Sogui Airport","Ouro Sogui","SN","155936","-133228","GOSM","medium_airport"
"THR","Mehrabad International Airport","Tehran","IR","35.68920135","51.31340027","OIII","very_small_airport"
"LHV","William T. Piper Memorial Airport","Lock Haven","US","4113560104","-7742230225","KLHV","small_airport"
"KIP O","Gdańsk Lech Wałęsa Airport","Gdańsk","PL","54.377602","18.4662","EPGD","large_airport"
"UIN","Quincy Regional Airport Baldwin Field","Quincy","US","39.942699C","-91.194603Y","KUIN","medium_airport"
"MPY","Maripasoula Airport","Maripasoula","GF","3.655907A","-54.039431X","SOOA","small_airport"
"DNH","Dunhuang Mogao International Airport","Dunhuang","CN","40.161098C","94.809196X","ZLDH","medium_airport"
"JYUSW","Fairfield Municipal Airport","Fairfield","US","41.053024","-91.980114","KFFL","small_airport"
"ANX","Andøya Airport, Andenes","Andenes","NO","69292503","16144199","ENAN","medium_airport"
"DAXSY","Sanderson Field","Shelton","US","47.23360062","-123.14800262","KSHN","small_airport"
"PNV","Panevėžys Air Base","Panevėžys","LT","5572940063","2446080017","EYPP","medium_airport"
"WMH","Ozark Regional Airport","Mountain Home","US","36.3689003A","-92.47049713Z","KBPK","medium_airport"
"GF  P","Gustavo Vargas Airport","Tame","CO","6.45108","-71.7603","SKTM","medium_airport"
"OIPXD","Paros National Airport","Paros","GR","37.020495","25.113195","LGPA","small_airport"
"MYDAX","Hewanorra International Airport","Vieux Fort","LC","13.7332","-60.952599","TLPL","large_airport"
"TMPXJ","Matsuyama Airport","Matsuyama","JP","33.82720184","132.69999695","RJOM","medium_airport"
"NTR","Del Norte International Airport","Monterrey","MX","25.865601","-100.237","MMAN","smallest_airport"
"BUSDC","New Laura Airport","Laura Station","AU","-15.182758","144.345535","YLRS","small_airport"
"ATH","Athens Eleftherios Venizelos International Airport","Spata-Artemida","GR","37.936401","23.9445","LGAV","very_small_airport"
"WMOWJ","Hubli Airport","Hubli","IN","15.3617","75.0849","VOHB","medium_airport"
"VFIOO","Shahrekord Airport","Shahrekord","IR","32.29719925","50.84220123","OIFS","medium_airport"
"OTM","Ottumwa Regional Airport","Ottumwa","US","41106368","-92449837","KOTM","medium_airport"
"DQKMV","Melbourne Airport","Melbourne","AU","-37.661548","144.836432","YMML","large_airport"
"FON","La Fortuna Arenal Airport","La Fortuna","CR","10.469311","-84.579073","MRAN","very_small_airport"
"INRDD","Diego Aracena Airport","Iquique","CL","-20.5352","-70.181297","SCDA","medium_airport"
"YFS","Fort Simpson Airport","Fort Simpson","CA","61.7602005","-121.23699951","CYFS","smallest_airport"
"LSL","Los Chiles Airport","Los Chiles","CR","110353","-847061","MRLC","medium_airport"
"RDD","Redding Municipal Airport","Redding","US","40.50899887","-122.2929993","KRDD","very_small_airport"
"YAHKP","Grand Forks Airport","Grand Forks","CA","49.015598","-118.431","CZGF","medium_airport"
"KEY","Kericho Airport","Kericho","KE","-0.3899A","35.242093X","HKKR","small_airport"
"KZMKN","Christmas Creek Airport","Christmas Creek Mine","AU","-22.3543","119.6426","YCHK","small_airport"
"CPB","Capurganá Airport","Acandí","CO","8.632169C","-77.350262X","SKCA","small_airport"
"AMM","Queen Alia International Airport","Amman","JO","31.72260094","35.99319839","OJAI","very_small_airport"
"RKR","Robert S Kerr Airport","Poteau","US","35.021599","-94.6213","KRKR","private_airport"
"ZLLMB","Tianjin Binhai International Airport","Tianjin","CN","39.12440109","117.34600067","ZBTJ","large_airport"
"MWN","Mwadui Airport","Mwadui","TZ","-3.521332","33.615542","HTMD","very_small_airport"
"PP OB","Mamburao Airport","Mamburao","PH","13.208048","120.605457","RPUM","medium_airport"
"ABC","Albacete Airport / Los Llanos Air Base","Albacete","ES","38.948502A","-1.86352Z","LEAB","medium_airport"
"MUD","Mueda Airport","Mueda","MZ","-11.6729B","39.563099Z","FQMD","medium_airport"
"OZA","Ozona Municipal Airport","Ozona","US","30.73530006A","-101.20300293X","KOZA","small_airport"
"FYV","Drake Field","Fayetteville","US","36.00510025","-94.17009735","KFYV","private_airport"
"REI","Régina Airport","Régina","GF","4.31339","-52.132745","SOOR","smallest_airport"
"LYS","Lyon Saint-Exupéry Airport","Colombier-Saugnieu, Rhône","FR","45.725996","5.090139","LFLL","smallest_airport"
"HANME","Union Island International Airport","Union Island","VC","12.600135","-61.411945","TVSU","medium_airport"
"SGX","Songea Airport","Songea","TZ","-10683","35583","HTSO","small_airport"
"RBP","Raba Raba Airport","Rabaraba","PG","-9.97111111B","149.83222222Z","AYRE","small_airport"
" N DV","New Orleans NAS JRB/Alvin Callender Field","New Orleans","US","29.82530022","-90.03500366","KNBG","medium_airport"
" UPSW","Paiela Airport","Paiela","PG","-5.372407","142.975774","AYPB","small_airport"
"LSE","La Crosse Regional Airport","La Crosse","US","43.879002A","-91.256699X","KLSE","medium_airport"
"EUAB ","A.N.R. Robinson International Airport","Scarborough","TT","11.1497","-60.832199","TTCP","medium_airport"
"  PAW","Prince Sultan Air Base","Al Kharj","SA","24.0627","47.580502","OEPS","medium_airport"
"MFCTR","Kiunga Airport","Kiunga","PG","-6.12571001","141.28199768","AYKI","small_airport"
"AFKJV","Wichita Eisenhower National Airport","Wichita","US","37.649899","-97.433098","KICT","medium_airport"
"BFH","Bacacheri Airport","Curitiba","BR","-25.4051","-49.231998","SBBI","very_small_airport"
"KRL","Korla Licheng Airport","Korla","CN","41.614979","86.140817","ZWKL","very_small_airport"
"DAC","Hazrat Shahjalal International Airport","Dhaka","BD","23.843347","90.397783","VGHS","private_airport"
"LXR","Luxor International Airport","Luxor","EG","25671037","32706451","HELX","medium_airport"
"EJN","Ejin Banner Taolai Airport","Ejin Banner","CN","420155","1010005","ZBEN","small_airport"
"NIB","Nikolai Airport","Nikolai","US","63.017949C","-154.360399X","PAFS","small_airport"
"OJC","Johnson County Executive Airport","Olathe","US","38.84759903A","-94.73760223Y","KOJC","small_airport"
"HSS","Hisar Airport","Hisar","IN","29.179399B","75.755302Z","VIHR","medium_airport"
"DYKLD","Grand Junction Regional Airport","Grand Junction","US","39.126663","-108.529387","KGJT","medium_airport"
"CRU","Lauriston Airport","Carriacou Island","GD","12.4761","-61.472801","TGPZ","private_airport"
"NNNFX","Ali-Sabieh Airport","Ali-Sabieh","DJ","11.146889","42.72","HDAS","small_airport"
"GP VI","Hooper Bay Airport","Hooper Bay","US","61.523899","-166.147003","PAHP","small_airport"
"SEK","Srednekolymsk Airport","Srednekolymsk","RU","67.4805C","153.7364X","UESK","medium_airport"
"IBZ","Ibiza Airport","Ibiza (Eivissa)","ES","38.872898A","1.37312Z","LEIB","large_airport"
"KSDAW","Santa Barbara Municipal Airport","Santa Barbara","US","34.426201","-119.839996","KSBA","medium_airport"
"YJXEV","Nartron Field","Reed City","US","43.90000153","-85.51670074","KRCT","small_airport"
"EUN","Hassan I Airport","El Aaiún","EH","27.142467","-13.224947","GMML","smallest_airport"
"VMIPG","Tezu Airport","Tezu","IN","27.94120026","96.13439941","VETJ","small_airport"
"HRB","Harbin Taiping International Airport","Harbin","CN","45.623402","126.25","ZYHB","very_small_airport"
"URHCO","Bahrain International Airport","Manama","BH","26.267295","50.63764","OBBI","large_airport"
"EVE","Harstad/Narvik Airport, Evenes","Evenes","NO","68.49130249","16.67810059","ENEV","very_small_airport"
"ZTOGF","Manistee County Blacker Airport","Manistee","US","44.272707","-86.246495","KMBL","small_airport"
"SNU","Abel Santamaria Airport","Santa Clara","CU","22.492201A","-79.943604Z","MUSC","medium_airport"
"OZZ","Ouarzazate Airport","Ouarzazate","MA","30.93910027B","-6.90943003Z","GMMZ","medium_airport"
"RKU","Kairuku Airport","Yule Island","PG","-881700005","1465243833","AYRK","small_airport"
"BJKDZ","Sauðárkrókur Airport","Sauðárkrókur","IS","65.73169708","-19.57279968","BIKR","small_airport"
"OLK","Aeródromo de Fuerte","Fuerte Olimpo","PY","-21.045724","-57.882935","SGOL","very_small_airport"
"BTF","Skypark Airport","Bountiful","US","40.86940002","-111.92700195","KBTF","private_airport"
"PLU","Pampulha - Carlos Drummond de Andrade Airport","Belo Horizonte","BR","-19.85074","-43.950316","SBBH","very_small_airport"
"NAV","Nevşehir Kapadokya Airport","Nevşehir","TR","38.7719","34.5345","LTAZ","very_small_airport"
"ILZ","Žilina-Dolný Hričov Airport","Dolný Hričov","SK","49.233292","18.613386","LZZI","smallest_airport"
"RYO","28 de Noviembre Airport","Rio Turbio","AR","-51605","-722203","SAWT","small_airport"
"KAJ","Kajaani Airport","Kajaani","FI","64.2855","27.6924","EFKI","very_small_airport"
"GEY","South Big Horn County Airport","Greybull","US","4451679993","-1080830002","KGEY","small_airport"
"YOP","Rainbow Lake Airport","Rainbow Lake","CA","58.491402","-119.407997","CYOP","very_small_airport"
"TSF","Treviso Antonio Canova Airport","Treviso (TV)","IT","45.648399","12.1944","LIPH","private_airport"
"WTFVB","Ireland West Knock Airport","Charlestown","IE","53.910301","-8.81849","EIKN","medium_airport"
"EWB","New Bedford Regional Airport","New Bedford","US","41.67610168A","-70.95690155X","KEWB","medium_airport"
"URM","Uriman Airport","Urimán","VE","5.358118C","-62.671625X","SVUM","small_airport"
"LAI","Lannion Airport","Lannion","FR","48.754398B","-3.47166Z","LFRO","medium_airport"
"HEZRK","Pardubice Airport","Pardubice","CZ","50.01340103","15.73859978","LKPD","medium_airport"
"PKG","Pulau Pangkor Airport","Pangkor Island","MY","4.24471998C","100.5530014Z","WMPA","small_airport"
"EWI","Enarotali Airport","Enarotali","ID","-3.925739A","136.378634Z","WAYE","small_airport"
"KZHGS","Kaniama Airport","Kaniama","CD","-7.599343","24.158592","FZTK","small_airport"
"MIWLQ","Three Rivers Municipal Dr Haines Airport","Three Rivers","US","41.959801","-85.593399","KHAI","small_airport"
"RSW","Southwest Florida International Airport","Fort Myers","US","2653619957","-8175520325","KRSW","large_airport"
"KCA","Kuqa Qiuci Airport","Kuqa","CN","41.677856","82.872917","ZWKC","very_small_airport"
"GAH","Gayndah Airport","Gayndah","AU","-25.615939C","151.62055Z","YGAY","small_airport"
"LTA","Tzaneen Airport","Tzaneen","ZA","-23.8244","30.3293","FATZ","very_small_airport"
"ZLRGY","Shuswap Regional Airport","Salmon Arm","CA","50.682802","-119.228996","CZAM","medium_airport"
"YVG","Vermilion Airport","Vermilion","CA","53357714","-110827388","CYVG","small_airport"
"GBT","Gorgan Airport","Gorgan","IR","36.90940094","54.40129852","OING","private_airport"
"LOC","Lock Airport","Lock","AU","-33.5442009","135.69299316","YLOK","very_small_airport"
"CLD","McClellan-Palomar Airport","Carlsbad","US","331283","-117279999","KCRQ","medium_airport"
"TNCGX","Rodelillo Airport","Viña Del Mar","CL","-33.0681","-71.557503","SCRD","small_airport"
"TRF","Sandefjord Airport, Torp","Torp","NO","59186699","102586","ENTO","medium_airport"
"PAH","Barkley Regional Airport","Paducah","US","37.06079865B","-88.77380371Z","KPAH","medium_airport"
"AEGS ","Gunsan Airport / Gunsan Air Base","Gunsan","KR","35.903801","126.615997","RKJK","medium_airport"
"PKKTC","Salida Airport - Harriet Alexander Field","Salida","US","38.5383","-106.049004","KANK","small_airport"
"ROY","Rio Mayo Airport","Rio Mayo","AR","-45703899","-70245598","SAWM","small_airport"
"GLCLM","Marco Island Executive Airport","Marco Island","US","25.995001","-81.672501","KMKY","small_airport"
"YJA","Jasper Airport","Jasper","CA","52.996418","-118.060233","CYJA","very_small_airport"
"DXB","Dubai International Airport","Dubai","AE","2525279999","5536439896","OMDB","large_airport"
"BBR","Basse-Terre Baillif Airport","Basse-Terre","GP","16.013648","-61.742928","TFFB","private_airport"
"PHYKO","Cuyahoga County Airport","Cleveland","US","41.56510162","-81.48639679","KCGF","medium_airport"
"SXI","Siri Airport","Siri","IR","25.908899C","54.539398X","OIBS","medium_airport"
"AGI","Wageningen Airstrip","Wageningen","SR","5.841252","-56.673247","SMWA","smallest_airport"
"YWY","Wrigley Airport","Wrigley","CA","63.20940018","-123.43699646","CYWY","smallest_airport"
"DTD","Datadawai Airport","Datadawai-Borneo Island","ID","0.807028","114.529052","WALJ","private_airport"
"APWHT","Denis Island Airport","Denis Island","SC","-3.802067","55.667439","FSSD","small_airport"
"UFGGC","Kokhanok Airport","Kokhanok","US","59.433248","-154.80217","PFKK","small_airport"
"LUP","Kalaupapa Airport","Kalaupapa","US","21.211","-156.973999","PHLU","very_small_airport"
"WMP","Mampikony Airport","Mampikony","MG","-16.072269B","47.644165Z","FMNP","small_airport"
"GRV","Grozny Airport","Grozny","RU","43.388106","45.699772","URMG","very_small_airport"
"KYSYS","Capital City Airport","Harrisburg","US","40.21709824","-76.85150146","KCXY","small_airport"
"ZGWIX","Fayetteville Municipal Airport","Fayetteville","US","35.05970001","-86.56400299","KFYM","small_airport"
"EMK","Emmonak Airport","Emmonak","US","62.78609848A","-164.4909973X","PAEM","medium_airport"
"EKGHF","Engati Airstrip","Engati","PG","-6.9179","146.1053","AYEN","small_airport"
"FRW","P G Matante Intl","Francistown","BW","-21.15914","27.468545","FBPM","very_small_airport"
"GSD D","Marion Downs Airport","Marion Downs","AU","-23.363702","139.649663","YMWX","small_airport"
"ONFMU","Lemhi County Airport","Salmon","US","45.122233","-113.88196","KSMN","medium_airport"
"RG QK","Rendani Airport","Manokwari","ID","-0.891833","134.048996","WAUU","medium_airport"
"WHZLV","Puerto Paez Airport","Puerto Paez","VE","6.220095","-67.447508","SVPP","small_airport"
"FEN","Fernando de Noronha Airport","Fernando de Noronha","BR","-3.854471","-32.423302","SBFN","very_small_airport"
"RNATT","Faribault Municipal Airport-Liz Wall Strohfus Field","Faribault","US","44.32844","-93.312534","KFBL","small_airport"
"PA GZ","RAF Brize Norton","Carterton, Oxfordshire","GB","51.75","-1.58362","EGVN","medium_airport"
"INQ","Inisheer Aerodrome","Inis Oírr","IE","53.064701B","-9.5109Z","EIIR","small_airport"
"ISREN","Savé Airport","Savé","BJ","8.01817036","2.46458006","DBBS","small_airport"
"CAG","Cagliari Elmas Airport","Cagliari","IT","39251499","905428","LIEE","large_airport"
"TKQ","Kigoma Airport","Kigoma","TZ","-4.8862","29.6709","HTKA","very_small_airport"
"GAJ","Yamagata Airport","Higashine","JP","38.4119","140.371002","RJSC","very_small_airport"
"PLQ","Palanga International Airport","Palanga","LT","55.97320175","21.09390068","EYPA","smallest_airport"
"ICEYZ","Bensbach Airport","Bensbach","PG","-8.85805556","141.25944444","AYBH","small_airport"
"HCN","Hengchun Airport","Hengchun","TW","22.0411","120.730003","RCKW","smallest_airport"
"ZFIJP","St Thomas Municipal Airport","St Thomas","CA","42.77000046","-81.1108017","CYQS","medium_airport"
"OSD","Åre Östersund Airport","Östersund","SE","63.194135B","14.500322X","ESNZ","medium_airport"
"BDH","Bandar Lengeh International Airport","Bandar Lengeh","IR","26.532283A","54.82484Y","OIBL","medium_airport"
"YMN","Makkovik Airport","Makkovik","CA","55.077335","-59.187942","CYFT","very_small_airport"
"JFIDE","Bowen Airport","Bowen","AU","-20.017999","148.215245","YBWN","small_airport"
"DOR","Dori Airport","Dori","BF","14.021638","-0.068207","DFEE","very_small_airport"
"DLI","Lien Khuong Airport","Da Lat","VN","11.750556","108.366997","VVDL","very_small_airport"
"AKV","Akulivik Airport","Akulivik","CA","60.8186C","-78.148598Z","CYKO","small_airport"
"TVTLF","Marion Municipal Airport","Marion","US","40.48989868","-85.67970276","KMZZ","small_airport"
"NFVCY","Heydar Aliyev International Airport","Baku","AZ","40.46749878","50.04669952","UBBB","large_airport"
"UVWFC","Masvingo International Airport","Masvingo","ZW","-20.0553","30.8591","FVMV","medium_airport"
"ZDY","Delma Airport","Delma Island","AE","24.51","52.3352","OMDL","private_airport"
"CMR","Colmar Houssen airport","Colmar","FR","48109901","735901","LFGA","medium_airport"
"GFO","Bartica A Airport","Bartica","GY","6.358864A","-58.655207Z","SYBT","small_airport"
"BD PV","Hooker Creek Airport","Lajamanu","AU","-18.33670044","130.63800049","YHOO","small_airport"
"GJASA","Shirdi Airport","Kakadi","IN","19.688752","74.377354","VASD","medium_airport"
"ZAC","York Landing Airport","York Landing","CA","56.089401","-96.089203","CZAC","very_small_airport"
"CNN","Kannur International Airport","Kannur","IN","11.918614B","75.547211Z","VOKN","medium_airport"
"WLS","Hihifo Airport","Wallis Island","WF","-13.23830032","-176.19900513","NLWW","private_airport"
"JIN","Jinja Airport","Jinja","UG","0.453094","33.19356","HUJI","smallest_airport"
"PIT","Pittsburgh International Airport","Pittsburgh","US","40.491501","-80.232903","KPIT","private_airport"
"TBY","Tshabong Airport","Tshabong","BW","-26.034524","22.401252","FBTS","smallest_airport"
"FFTGE","Haverfordwest Airport","Haverfordwest","GB","51.83309937","-4.96111012","EGFE","medium_airport"
"SCT","Socotra International Airport","Mori","YE","12.6307A","53.9058Y","OYSQ","medium_airport"
"SAB","Juancho E. Yrausquin Airport","Zion's Hill","BQ","17.645351","-63.220571","TNCS","smallest_airport"
"TUQ","Tougan Airport","Tougan","BF","13.059091","-3.077291","DFOT","private_airport"
"UJU","Uiju Airport","Uiju","KP","40.150013C","124.501104Y","ZKUJ","small_airport"
"KRYZ ","Florence Airport, Peretola","Firenze (FI)","IT","43.808558","11.202822","LIRQ","large_airport"
"XSB","Sir Bani Yas Airport","Sir Bani Yas","AE","24.283611C","52.580278Z","OMBY","medium_airport"
"NKOGS","Malda Airport","Malda","IN","25.01018","88.126917","VEMH","small_airport"
"AXT","Akita Airport","Akita","JP","39.615601","140.218994","RJSK","very_small_airport"
"BJX","Del Bajío International Airport","Silao","MX","20.992695","-101.480284","MMLO","very_small_airport"
"TXK","Texarkana Regional Airport (Webb Field)","Texarkana","US","33.453701","-93.990997","KTXK","very_small_airport"
"GBJ","Marie-Galante Airport","Grand-Bourg","GP","15.868925B","-61.270087X","TFFM","medium_airport"
"BWI","Baltimore/Washington International Thurgood Marshall Airport","Baltimore","US","39.1754","-76.668297","KBWI","private_airport"
"OZSUT","Tilin Airport","Tilin","MM","21.70000076","94.09999847","VYHN","small_airport"
"ITO","Hilo International Airport","Hilo","US","19.721399","-155.048004","PHTO","private_airport"
"VRCIU","Guerrero Negro Airport","San Quintín","MX","28.0261","-114.024002","MMGR","small_airport"
"OTU","Otu Airport","Remedios","CO","7.010532C","-74.715398X","SKOT","small_airport"
"LLK","Lankaran International Airport","Lankaran","AZ","38.757919C","48.807042Z","UBBL","small_airport"
"BMK","Borkum Airport","Borkum","DE","53.59639A","6.709167X","EDWR","small_airport"
"ZVIQU","Rotuma Airport","Rotuma","FJ","-12.48250008","177.07099915","NFNR","small_airport"
"WTZ","Whitianga Airport","Whitianga","NZ","-36.828731","175.682802","NZWT","smallest_airport"
"GTF","Great Falls International Airport","Great Falls","US","47.48199844","-111.3710022","KGTF","very_small_airport"
"ZBIHM","Calexico International Airport","Calexico","US","32.66949844","-115.51300049","KCXL","small_airport"
"OMD","Oranjemund Airport","Oranjemund","NA","-285847","16446699","FYOG","medium_airport"
"URD","Burg Feuerstein Airport","Ebermannstadt","DE","49.794167","11.133611","EDQE","smallest_airport"
"MJF","Mosjøen Airport, Kjærstad","Mosjøen","NO","65783997","132149","ENMS","medium_airport"
"LPI","Linköping City Airport","Linköping","SE","58.40620041C","15.68050003X","ESSL","medium_airport"
"OMJ","JMSDF Omura Air Base","Nagasaki","JP","32.928046","129.934168","RJDU","private_airport"
"ZJFCJ","Lauro Carneiro de Loyola Airport","Joinville","BR","-26.224501","-48.797401","SBJV","medium_airport"
"ORCYF","Ramon Air Base","Beersheba","IL","30.7761","34.666698","LLRM","medium_airport"
"XUWAT","Kristiansund Airport, Kvernberget","Kvernberget","NO","63.111801","7.82452","ENKB","medium_airport"
"HMDLM","Marinda Airport","Waisai","ID","-0.423056","130.773333","WASN","small_airport"
"YGFJO","Radin Inten II International Airport","Bandar Lampung","ID","-5.246803","105.182531","WILL","medium_airport"
"XIQEK","P C Pelser Airport","Klerksdorp","ZA","-26.871099","26.718","FAKD","medium_airport"
"FSZ","Mount Fuji Shizuoka Airport","Makinohara / Shimada","JP","34.796043","138.187752","RJNS","private_airport"
"BLM","Monmouth Executive Airport","Belmar/Farmingdale","US","40.18690109","-74.12490082","KBLM","private_airport"
"PDF","Prado Airport","Prado","BR","-17.296976C","-39.271131X","SNRD","small_airport"
"ESW","Easton State Airport","Easton","US","47.25419998","-121.18599701","KESW","smallest_airport"
"SJV","San Javier Airport","San Javier","BO","-16.2708B","-62.470299Z","SLJV","small_airport"
"WMA","Mandritsara Airport","Mandritsara","MG","-15.845992","48.834718","FMNX","private_airport"
"IXU","Aurangabad Airport","Aurangabad","IN","19.86269951A","75.39810181Y","VAAU","medium_airport"
